label,I1,I2,I3,I4,I5,I6,I7,I8,I9,I10,I11,I12,I13,C1,C2,C3,C4,C5,C6,C7,C8,C9,C10,C11,C12,C13,C14,C15,C16,C17,C18,C19,C20,C21,C22,C23,C24,C25,C26
0,1.0,1,5.0,0.0,1382.0,4.0,15.0,2.0,181.0,1.0,2.0,,2.0,68fd1e64,80e26c9b,fb936136,7b4723c4,25c83c98,7e0ccccf,de7995b8,1f89b562,a73ee510,a8cd5504,b2cb9c98,37c9c164,2824a5f6,1adce6ef,8ba8b39a,891b62e7,e5ba7672,f54016b9,21ddcdc9,b1252a9d,07b5194c,,3a171ecb,c5c50484,e8b83407,9727dd16
0,2.0,0,44.0,1.0,102.0,8.0,2.0,2.0,4.0,1.0,1.0,,4.0,68fd1e64,f0cf0024,6f67f7e5,41274cd7,25c83c98,fe6b92e5,922afcc0,0b153874,a73ee510,2b53e5fb,4f1b46f3,623049e6,d7020589,b28479f6,e6c5b5cd,c92f3b61,07c540c4,b04e4670,21ddcdc9,5840adea,60f6221e,,3a171ecb,43f13e8b,e8b83407,731c3655
0,2.0,0,1.0,14.0,767.0,89.0,4.0,2.0,245.0,1.0,3.0,3.0,45.0,287e684f,0a519c5c,02cf9876,c18be181,25c83c98,7e0ccccf,c78204a1,0b153874,a73ee510,3b08e48b,5f5e6091,8fe001f4,aa655a2f,07d13a8f,6dc710ed,36103458,8efede7f,3412118d,,,e587c466,ad3062eb,3a171ecb,3b183c5c,,
0,,893,,,4392.0,,0.0,0.0,0.0,,0.0,,,68fd1e64,2c16a946,a9a87e68,2e17d6f6,25c83c98,fe6b92e5,2e8a689b,0b153874,a73ee510,efea433b,e51ddf94,a30567ca,3516f6e6,07d13a8f,18231224,52b8680f,1e88c74f,74ef3502,,,6b3a5ca6,,3a171ecb,9117a34a,,
0,3.0,-1,,0.0,2.0,0.0,3.0,0.0,0.0,1.0,1.0,,0.0,8cf07265,ae46a29d,c81688bb,f922efad,25c83c98,13718bbd,ad9fa255,0b153874,a73ee510,5282c137,e5d8af57,66a76a26,f06c53ac,1adce6ef,8ff4b403,01adbab4,1e88c74f,26b3c7a7,,,21c9516a,,32c7478e,b34f3128,,
0,,-1,,,12824.0,,0.0,0.0,6.0,,0.0,,,05db9164,6c9c9cf3,2730ec9c,5400db8b,43b19349,6f6d9be8,53b5f978,0b153874,a73ee510,3b08e48b,91e8fc27,be45b877,9ff13f22,07d13a8f,06969a20,9bc7fff5,776ce399,92555263,,,242bb710,8ec974f4,be7c41b4,72c78f11,,
0,,1,2.0,,3168.0,,0.0,1.0,2.0,,0.0,,,439a44a4,ad4527a2,c02372d0,d34ebbaa,43b19349,fe6b92e5,4bc6ffea,0b153874,a73ee510,3b08e48b,a4609aab,14d63538,772a00d7,07d13a8f,f9d1382e,b00d3dc9,776ce399,cdfa8259,,,20062612,,93bad2c0,1b256e61,,
1,1.0,4,2.0,0.0,0.0,0.0,1.0,0.0,0.0,1.0,1.0,,0.0,68fd1e64,2c16a946,503b9dbc,e4dbea90,f3474129,13718bbd,38eb9cf4,1f89b562,a73ee510,547c0ffe,bc8c9f21,60ab2f07,46f42a63,07d13a8f,18231224,e6b6bdc7,e5ba7672,74ef3502,,,5316a17f,,32c7478e,9117a34a,,
0,,44,4.0,8.0,19010.0,249.0,28.0,31.0,141.0,,1.0,,8.0,05db9164,d833535f,d032c263,c18be181,25c83c98,7e0ccccf,d5b6acf2,0b153874,a73ee510,2acdcf4e,086ac2d2,dfbb09fb,41a6ae00,b28479f6,e2502ec9,84898b2a,e5ba7672,42a2edb9,,,0014c32a,,32c7478e,3b183c5c,,
0,,35,,1.0,33737.0,21.0,1.0,2.0,3.0,,1.0,,1.0,05db9164,510b40a5,d03e7c24,eb1fd928,25c83c98,,52283d1c,0b153874,a73ee510,015ac893,e51ddf94,951fe4a9,3516f6e6,07d13a8f,2ae4121c,8ec71479,d4bb7bd8,70d0f5f9,,,0e63fca0,,32c7478e,0e8fe315,,
0,,2,632.0,0.0,56770.0,,0.0,5.0,65.0,,0.0,,2.0,05db9164,0468d672,7ae80d0f,80d8555a,25c83c98,7e0ccccf,04277bf9,0b153874,7cc72ec2,3b08e48b,7e2c5c15,cfc86806,91a1b611,b28479f6,58251aab,146a70fd,776ce399,0b331314,21ddcdc9,5840adea,cbec39db,,3a171ecb,cedad179,ea9a246c,9a556cfc
0,0.0,6,6.0,6.0,421.0,109.0,1.0,7.0,107.0,0.0,1.0,,6.0,05db9164,9b5fd12f,,,4cf72387,,111121f4,0b153874,a73ee510,3b08e48b,ac9c2e8f,,6e2d6a15,07d13a8f,796a1a2e,,d4bb7bd8,8aaa5b67,,,,,32c7478e,,,
1,0.0,-1,,,1465.0,0.0,17.0,0.0,4.0,0.0,4.0,,,241546e0,38a947a1,fa673455,6a14f9b9,25c83c98,fe6b92e5,1c86e0eb,1f89b562,a73ee510,e7ba2569,755e4a50,208d9687,5978055e,07d13a8f,5182f694,f8b34416,e5ba7672,e5f8f18f,,,f3ddd519,,32c7478e,b34f3128,,
1,,2,11.0,5.0,10262.0,34.0,2.0,4.0,5.0,,1.0,,5.0,be589b51,287130e0,cd7a7a22,fb7334df,25c83c98,,6cdb3998,361384ce,a73ee510,3ff10fb2,5874c9c9,976cbd4c,740c210d,1adce6ef,310d155b,07eb8110,07c540c4,891589e7,18259a83,a458ea53,a0ab60ca,,32c7478e,a052b1ed,9b3e8820,8967c0d2
0,0.0,51,84.0,4.0,3633.0,26.0,1.0,4.0,8.0,0.0,1.0,,4.0,5a9ed9b0,80e26c9b,97144401,5dbf0cc5,0942e0a7,13718bbd,9ce6136d,0b153874,a73ee510,2106e595,b5bb9d63,04f55317,ab04d8fe,1adce6ef,0ad47a49,2bd32e5c,3486227d,12195b22,21ddcdc9,b1252a9d,fa131867,,dbb486d7,8ecc176a,e8b83407,c43c3f58
0,,2,1.0,18.0,20255.0,,0.0,1.0,1306.0,,0.0,,20.0,05db9164,bc6e3dc1,67799c69,d00d0f35,4cf72387,7e0ccccf,ca4fd8f8,64523cfa,a73ee510,3b08e48b,a0060bca,b9f28c33,22d23aac,5aebfb83,d702713a,0f655650,776ce399,3a2028fd,,,b426bc93,,3a171ecb,2e0a0035,,
1,1.0,987,,2.0,105.0,2.0,1.0,2.0,2.0,1.0,1.0,,2.0,68fd1e64,38d50e09,da603082,431a5096,43b19349,7e0ccccf,3f35b640,0b153874,a73ee510,3b08e48b,3d5fb018,6aaab577,94172618,07d13a8f,ee569ce2,2f03ef40,d4bb7bd8,582152eb,21ddcdc9,b1252a9d,3b203ca1,,32c7478e,b21dc903,001f3601,aa5f0a15
0,0.0,1,,0.0,16597.0,557.0,3.0,5.0,123.0,0.0,1.0,,1.0,8cf07265,7cd19acc,77f2f2e5,d16679b9,4cf72387,fbad5c96,8fb24933,0b153874,a73ee510,0095a535,3617b5f5,9f32b866,428332cf,b28479f6,83ebd498,31ca40b6,e5ba7672,d0e5eb07,,,dfcfc3fa,ad3062eb,32c7478e,aee52b6f,,
0,0.0,24,4.0,2.0,2056.0,12.0,6.0,10.0,83.0,0.0,1.0,,2.0,05db9164,f0cf0024,08b45d8b,cbb5af1b,384874ce,fbad5c96,81bb0302,37e4aa92,a73ee510,175d6c71,b7094596,1c547463,1f9d2c38,1adce6ef,55dc357b,0ca69655,e5ba7672,b04e4670,21ddcdc9,b1252a9d,f3caefdd,,32c7478e,4c8e5aef,ea9a246c,9593bba9
0,7.0,102,,3.0,780.0,15.0,7.0,15.0,15.0,1.0,1.0,,3.0,3c9d8785,b0660259,3a960356,15c92ddb,4cf72387,13718bbd,00c46cd1,0b153874,a73ee510,62cfc6bd,8cffe207,656e5413,ff5626de,ad1cc976,27b1230c,fa8d05aa,e5ba7672,5edd90de,,,e12ce348,,c3dc6cef,49045073,,
1,,47,,0.0,6399.0,38.0,19.0,10.0,143.0,,10.0,,6.0,1464facd,38a947a1,223b0e16,ca55061c,25c83c98,7e0ccccf,6933dec1,5b392875,a73ee510,3b08e48b,860c302b,156f99ef,30735474,1adce6ef,0e78291e,5fbf4a84,e5ba7672,1999bae9,,,deb9605d,,32c7478e,e448275f,,
0,0.0,1,80.0,0.0,1848.0,287.0,1.0,4.0,46.0,0.0,1.0,,4.0,05db9164,09e68b86,13b87f72,13a91973,25c83c98,7e0ccccf,cc5ed2f1,0b153874,a73ee510,3b08e48b,081c279a,d25f00b6,9f16a973,07d13a8f,36721ddc,1746d357,d4bb7bd8,5aed7436,a153cea2,a458ea53,dd37e0d1,,32c7478e,c70a58f2,e8b83407,af7ece63
0,,0,14.0,6.0,7132.0,171.0,2.0,2.0,6.0,,1.0,,6.0,05db9164,38a947a1,e88a1d4c,8eb9aec7,25c83c98,fbad5c96,3fd38f3b,5b392875,a73ee510,5162b19c,7c430b79,4ac05ba7,7f0d7407,b28479f6,d1128331,ce881087,07c540c4,5d93f8ab,,,57d0811b,,3a171ecb,1793a828,,
0,,9,9.0,17.0,11774.0,,0.0,23.0,128.0,,0.0,,17.0,05db9164,08d6d899,cf59444f,60d5f5a7,25c83c98,7e0ccccf,38850d41,0b153874,a73ee510,6e7947ce,49aeb6a9,1d00cbc4,8f7e5dc7,07d13a8f,41f10449,b93ac0ad,1e88c74f,698d1c68,,,bf8efd4c,,c7dc6720,f96a556f,,
0,0.0,1,2.0,,6190.0,84.0,1.0,27.0,71.0,0.0,1.0,,,5a9ed9b0,3df44d94,d032c263,c18be181,25c83c98,7e0ccccf,a0845add,0b153874,a73ee510,967857d1,e469acef,dfbb09fb,849a0a56,07d13a8f,72d05a1c,84898b2a,d4bb7bd8,e7648a8f,,,0014c32a,c9d4222a,3a171ecb,3b183c5c,,
0,,4,16.0,,5925.0,2.0,2.0,0.0,0.0,,1.0,,,5a9ed9b0,09e68b86,64094ddd,b0a4d1e3,25c83c98,,b87f4a4a,0b153874,a73ee510,2124a520,319687c9,b51dc799,62036f49,64c94865,91126f30,1a00d73c,07c540c4,5aed7436,aa0cf899,a458ea53,c30dce78,,32c7478e,3fdb382b,e8b83407,49d68486
1,0.0,1,20.0,16.0,1548.0,93.0,42.0,32.0,912.0,0.0,15.0,1.0,16.0,8cf07265,942f9a8d,a8e40bcf,0365276a,25c83c98,7e0ccccf,3f4ec687,1f89b562,a73ee510,726f00fd,c4adf918,27c604a6,85dbe138,07d13a8f,a8e962af,c449f783,27c07bd6,1f868fdd,21ddcdc9,a458ea53,7eee76d1,,32c7478e,9af06ad9,9d93af03,cdfe5ab7
1,0.0,20,2.0,2.0,7188.0,170.0,2.0,3.0,24.0,0.0,2.0,0.0,2.0,68fd1e64,38a947a1,ee6e4611,30d9fc77,4cf72387,7e0ccccf,bf9d4f90,0b153874,a73ee510,b7c4dad5,81cae03e,5332e3fb,d413ef3e,07d13a8f,a6d97bf2,ec676ace,3486227d,02e8d897,,,b055c31b,,3a171ecb,ae2cd100,,
1,0.0,78,2.0,15.0,4311.0,85.0,4.0,18.0,230.0,0.0,3.0,,15.0,68fd1e64,1287a654,5ed035c9,5b5365b2,4cf72387,6f6d9be8,1b1aa9ea,0b153874,a73ee510,c3e69838,7a3651f5,df8b1dea,95bc260c,b28479f6,ced5be3a,4cc0abe4,e5ba7672,df00d249,,,f520f961,,32c7478e,27b60b01,,
1,3.0,0,4.0,13.0,224.0,28.0,3.0,35.0,27.0,1.0,1.0,,13.0,05db9164,90081f33,993f507e,14a74146,25c83c98,13718bbd,dc7659bd,0b153874,a73ee510,03e48276,e51ddf94,18fe7085,3516f6e6,64c94865,98995c3b,8c48eb08,e5ba7672,7181ccc8,,,2ed6b316,,3a171ecb,abf08f1b,,
1,,277,,3.0,7318.0,24.0,6.0,3.0,98.0,,1.0,,3.0,8cf07265,9adf4cf9,2e76fb61,0b1ad9da,4cf72387,fe6b92e5,75dcaaca,0b153874,a73ee510,3b08e48b,8aabdae8,9886a0a7,edcf17ce,07d13a8f,2aaebd23,338c0d09,e5ba7672,c7dbecd5,,,60d2d691,,3a171ecb,90b6276f,,
0,,-1,,,4956.0,,0.0,37.0,97.0,,0.0,,,be589b51,4c2bc594,d032c263,c18be181,25c83c98,fe6b92e5,aa0d873c,0b153874,a73ee510,3b08e48b,868744ab,dfbb09fb,9dfda2b9,8ceecbc8,7ac43a46,84898b2a,776ce399,bc48b783,,,0014c32a,,55dd3565,3b183c5c,,
0,1.0,0,1.0,,1427.0,3.0,16.0,11.0,50.0,0.0,2.0,1.0,,05db9164,26a88120,615e3e4e,2788fed8,4cf72387,7e0ccccf,3f4ec687,0b153874,a73ee510,0e9ead52,c4adf918,f5d19c1c,85dbe138,07d13a8f,24ff9452,1034ac0d,3486227d,b486119d,,,63580fba,,32c7478e,2a90c749,,
0,4.0,0,55.0,8.0,859.0,13.0,4.0,12.0,13.0,1.0,1.0,,8.0,05db9164,e5fb1af3,4b644986,5dbf0cc5,25c83c98,,cc5ed2f1,0b153874,a73ee510,3b08e48b,facf05cc,6d89b6a5,9f16a973,cfef1c29,1e744fde,2bd32e5c,776ce399,13145934,21ddcdc9,a458ea53,1419c3fc,,32c7478e,8ecc176a,e8b83407,a70a038a
1,1.0,259,1.0,1.0,5.0,1.0,6.0,1.0,1.0,1.0,3.0,,1.0,05db9164,f3b07830,ad981000,f96c819d,25c83c98,,df5c2d18,0b153874,a73ee510,8aef4905,a7b606c4,b912be9f,eae197fd,b28479f6,d27eed0e,b8b09fe6,e5ba7672,048d01f4,,,08ae854d,,32c7478e,c657e6e5,,
1,0.0,127,1.0,3.0,1683.0,19.0,26.0,17.0,475.0,0.0,9.0,0.0,3.0,05db9164,8947f767,11c9d79e,52a787c8,4cf72387,fbad5c96,18671b18,0b153874,a73ee510,ceb10289,77212bd7,79507c6b,7203f04e,07d13a8f,2c14c412,49013ffe,8efede7f,bd17c3da,f6a3e43b,a458ea53,35cd95c9,ad3062eb,c7dc6720,3fdb382b,010f6491,49d68486
0,,1,,,23255.0,,0.0,1.0,73.0,,0.0,,,7e5c2ff4,d833535f,b00d1501,d16679b9,25c83c98,7e0ccccf,65c53f25,1f89b562,a73ee510,3b08e48b,ad2bc6f4,e0d76380,39ccb769,b28479f6,a733d362,1203a270,776ce399,281769c2,,,73d06dde,,32c7478e,aee52b6f,,
0,6.0,-1,,,915.0,40.0,26.0,33.0,72.0,1.0,3.0,,,9a89b36c,4f25e98b,9042c4ea,343f8ed3,25c83c98,fbad5c96,27cc0b50,0b153874,a73ee510,f364a867,7671c62f,00750e7a,1fa0660e,b28479f6,df2f73e9,4f71659c,e5ba7672,bc5a0ff7,21ddcdc9,a458ea53,706ee322,c9d4222a,bcdee96c,990a118a,001f3601,47b6f269
0,0.0,0,3.0,12.0,7308.0,97.0,2.0,21.0,90.0,0.0,1.0,,12.0,68fd1e64,9adf4cf9,723c059c,4c942c6d,4cf72387,7e0ccccf,ce4f7f55,0b153874,a73ee510,d7026747,38f692a7,ab60a748,6e5da64f,1adce6ef,808ff1bc,c23fc7ec,e5ba7672,2a93f7c8,,,5dc9a057,,32c7478e,90b6276f,,
0,8.0,0,15.0,20.0,115.0,24.0,8.0,23.0,24.0,2.0,2.0,,20.0,5a9ed9b0,c66fca21,78171040,373c404a,25c83c98,,8ff6f5af,0b153874,a73ee510,5ba575e7,b5a9f90e,6766a7f0,949ea585,1adce6ef,8736735c,59974c9c,8efede7f,1304f63b,21ddcdc9,b1252a9d,07b2853e,,32c7478e,94bde4f2,010f6491,09b76f8d
0,,38,2.0,4.0,3119.0,149.0,64.0,48.0,139.0,,6.0,6.0,4.0,05db9164,26a88120,d032c263,c18be181,4cf72387,fbad5c96,3f4ec687,1f89b562,a73ee510,726f00fd,c4adf918,dfbb09fb,85dbe138,07d13a8f,040ec437,84898b2a,8efede7f,57598e25,,,0014c32a,,32c7478e,3b183c5c,,
1,88.0,319,,4.0,5.0,4.0,89.0,40.0,88.0,3.0,4.0,12.0,4.0,05db9164,08d6d899,333440d5,fc86bde0,25c83c98,fbad5c96,f00bddf8,0b153874,a73ee510,83ff688a,55795b33,1b0c8aa3,39795005,b28479f6,bffbd637,4a838997,8efede7f,bbf70d82,,,16e2e3b3,,32c7478e,d859b4dd,,
0,,1,18.0,5.0,1683.0,80.0,38.0,5.0,95.0,,5.0,0.0,5.0,05db9164,09e68b86,aa8c1539,85dd697c,25c83c98,,2903ead3,0b153874,a73ee510,bcc8b4c6,a0a5e9d7,d8c29807,ee79db7b,1adce6ef,dcd06253,c64d548f,3486227d,63cdbb21,cf99e5de,a458ea53,5f957280,,32c7478e,1793a828,e8b83407,b7d9c3bc
0,,27,,,112878.0,2106.0,0.0,2.0,95.0,,0.0,,,5a9ed9b0,38a947a1,2d8004c4,40ed41e5,25c83c98,7e0ccccf,4d9d55ae,5b392875,7cc72ec2,3b08e48b,55065437,ad972965,80dcea18,07d13a8f,c68ba31d,1206a8a1,d4bb7bd8,e96a7df2,,,54d8bb06,,3a171ecb,a415643d,,
0,0.0,-1,,,4894.0,20.0,1.0,7.0,20.0,0.0,1.0,,,05db9164,4c2bc594,d032c263,c18be181,43b19349,7e0ccccf,7f52e00f,0b153874,a73ee510,48a4f593,bca79aeb,dfbb09fb,5218d824,8ceecbc8,7ac43a46,84898b2a,07c540c4,bc48b783,,,0014c32a,c9d4222a,3a171ecb,3b183c5c,,
0,0.0,32,,1.0,9375.0,,0.0,37.0,18.0,0.0,0.0,0.0,1.0,05db9164,d833535f,ad4b77ff,d16679b9,25c83c98,7e0ccccf,9d547ce0,5b392875,a73ee510,3b08e48b,868a9e47,a2f4e8b5,fc5dea81,b28479f6,a733d362,89052618,3486227d,281769c2,,,d4703ebd,,32c7478e,aee52b6f,,
0,,6,6.0,15.0,20213.0,507.0,7.0,42.0,360.0,,2.0,0.0,40.0,05db9164,0ca4b7d7,d032c263,c18be181,4cf72387,7e0ccccf,e9396c09,c8ddd494,a73ee510,3b08e48b,a0060bca,dfbb09fb,22d23aac,1adce6ef,9014f0f9,84898b2a,e5ba7672,c786d1ea,,,0014c32a,,32c7478e,3b183c5c,,
0,31.0,17,2.0,11.0,290.0,23.0,31.0,23.0,65.0,2.0,2.0,,11.0,05db9164,4f25e98b,03280284,5214fda3,25c83c98,fbad5c96,0c41b6a1,0b153874,a73ee510,fa642b71,4ba74619,60bab41d,879fa878,07d13a8f,5be89da3,b6acbd10,e5ba7672,bc5a0ff7,fae651c5,a458ea53,3792328c,c0061c6d,423fab69,7a8e7ed6,001f3601,f159b6cb
0,1.0,2382,13.0,4.0,40.0,4.0,69.0,3.0,609.0,1.0,11.0,0.0,4.0,05db9164,38a947a1,933cc823,b1c1e580,25c83c98,fe6b92e5,002fdf0c,1f89b562,a73ee510,61f70369,a4ea009a,2562cf3c,1e9339bc,b28479f6,f5bfabbd,03dee53f,e5ba7672,b3e92443,,,be661a75,,c7dc6720,67d37917,,
0,0.0,190,,,1624.0,6.0,29.0,6.0,74.0,0.0,9.0,,,68fd1e64,c41a84c8,0a266224,759c4a2e,25c83c98,,804d2f11,0b153874,a73ee510,2860ede1,1aa6cf31,99dfd83a,3b03d76e,b28479f6,e3eb97c7,62b5674b,e5ba7672,5911fc7e,,,28ee216d,,32c7478e,590b856f,,
0,0.0,19,8.0,9.0,1506.0,31.0,3.0,7.0,34.0,0.0,1.0,,9.0,05db9164,8947f767,100a3803,ad1b5124,30903e74,7e0ccccf,bb3b7ab9,c8ddd494,a73ee510,3b08e48b,90b202b5,d377c333,3a9dafb8,b28479f6,a473257f,68d2c2b9,8efede7f,bd17c3da,e51f040f,a458ea53,79c3f011,,bcdee96c,fe35ffe2,010f6491,987ea0be
1,1.0,30,,3.0,116.0,31.0,1.0,3.0,3.0,1.0,1.0,,3.0,5a9ed9b0,38a947a1,0f90b6d6,16b922ed,25c83c98,fbad5c96,17b47bf9,0b153874,a73ee510,3b08e48b,76120d9d,ee2d3fdb,d4384424,07d13a8f,3046a70a,81371cbc,d4bb7bd8,1bae7658,,,37bad455,ad3062eb,3a171ecb,9d96bacb,,
0,,6,2.0,3.0,2779.0,,0.0,3.0,13.0,,0.0,,3.0,fb174e6b,47e8ab98,b009d929,c7043c4b,384874ce,,646e7593,0b153874,a73ee510,3b08e48b,d05acfa9,3563ab62,969e14fd,1adce6ef,bfa6d08a,b688c8cc,8efede7f,eb4d3f8a,21ddcdc9,5840adea,2754aaf1,,55dd3565,3b183c5c,f55c04b6,491eeeef
0,0.0,2,22.0,3.0,4687.0,242.0,6.0,6.0,183.0,0.0,1.0,4.0,3.0,05db9164,287130e0,c09cf4ef,bc8d1aa6,25c83c98,13718bbd,1919941b,37e4aa92,a73ee510,6c47047a,86c05043,c4bba41d,2ecea536,b28479f6,9efd8b77,ac2e5095,8efede7f,891589e7,2efde463,b1252a9d,dc4e98e3,,3a171ecb,ee42de86,e8b83407,a00829e6
0,,55,16.0,7.0,1696.0,72.0,2.0,7.0,95.0,,2.0,,7.0,5bfa8ab5,89ddfee8,00e2b23c,10d65c35,25c83c98,7e0ccccf,ad3508b1,5b392875,a73ee510,fc3680e8,ad757a5a,f400e021,93b18cb5,1adce6ef,34cce7d2,9e87470c,e5ba7672,5bb2ec8e,7a45f7f2,a458ea53,a13d5eab,,423fab69,faf5d8b3,f0f449dd,a8cf207e
0,6.0,0,28.0,0.0,31.0,0.0,6.0,0.0,0.0,1.0,1.0,,0.0,8cf07265,287130e0,c1ba4c5a,16fe249c,25c83c98,7e0ccccf,c1225605,985e3fcb,a73ee510,ede207dc,f29b9ed2,469027a9,7eaf6f1a,07d13a8f,10040656,8f13519e,e5ba7672,891589e7,6f3756eb,5840adea,f4095a39,,c7dc6720,1793a828,e8b83407,a475662f
0,0.0,19,9.0,3.0,14414.0,1353.0,3.0,1.0,362.0,0.0,1.0,0.0,3.0,be589b51,09e68b86,4bee8a47,5031d726,25c83c98,7e0ccccf,197b4575,322e63df,a73ee510,6c47047a,48876b80,6f95f18b,e40e52ae,07d13a8f,36721ddc,3d66d729,8efede7f,5aed7436,21ddcdc9,a458ea53,3c1a8dd8,,3a171ecb,3fdb382b,b9266ff0,49d68486
0,,18,12.0,8.0,8965.0,44.0,2.0,12.0,57.0,,2.0,0.0,8.0,05db9164,d7988e72,5eee7056,c1a3acf5,afcf7897,,96825c8f,0b153874,a73ee510,bc283a64,2df02cf1,f71904ea,03232503,b28479f6,c8389df7,0db58836,07c540c4,0f2f9850,5fd56cf9,b1252a9d,96725293,,32c7478e,2702453c,8b8de563,303cea07
0,,1,2.0,0.0,177674.0,,0.0,3.0,2.0,,0.0,0.0,1.0,87552397,207b2d81,6e136288,4f938621,25c83c98,7e0ccccf,8025502e,6c41e35e,7cc72ec2,4072f40f,29e4ad33,64ddde07,80467802,07d13a8f,0bf0feff,0c41b634,e5ba7672,fa0643ee,21ddcdc9,b1252a9d,b4031b95,,3a171ecb,a81956df,001f3601,b1262ddd
0,,0,20.0,0.0,4412.0,855.0,0.0,4.0,522.0,,0.0,,5.0,05db9164,58e67aaf,54e3c628,9725d851,25c83c98,7e0ccccf,5b18f3d9,0b153874,a73ee510,ad0b97fb,720446f5,92409ea2,034e5f3b,07d13a8f,10935a85,05c5cfbe,d4bb7bd8,c21c3e4c,6f62a118,b1252a9d,54d0b766,,c7dc6720,2913df0f,9b3e8820,bc7f21c2
0,,56,2.0,,,,0.0,0.0,1.0,,0.0,,,5a9ed9b0,8084ee93,02cf9876,c18be181,25c83c98,fbad5c96,af0809a5,5b392875,7cc72ec2,3b08e48b,9e12e146,8fe001f4,025225f2,b28479f6,16d2748c,36103458,2005abd1,003d4f4f,,,e587c466,,be7c41b4,3b183c5c,,
0,,76,5.0,,46200.0,,,7.0,,,,0.0,,68fd1e64,287130e0,7555338e,e161fae2,25c83c98,7e0ccccf,ce17d537,0b153874,7cc72ec2,ed111662,5b225578,f34e8f6a,d1be539d,07d13a8f,10040656,8ec308fc,3486227d,891589e7,21ddcdc9,5840adea,182fdd1a,,c7dc6720,6c1cdd05,ea9a246c,1219b447
0,39.0,8,42.0,32.0,27.0,33.0,39.0,24.0,32.0,1.0,1.0,,32.0,05db9164,73a46ff0,844ce0a4,9bb11257,4cf72387,7e0ccccf,ff3f3dda,0fb392dd,a73ee510,3b08e48b,e2217f93,1d0b8187,da9ee8bd,1adce6ef,d57668e2,4372eb4b,e5ba7672,da507f45,21ddcdc9,5840adea,ecb5cd6f,,32c7478e,6dbd889f,ea9a246c,33ced911
1,,0,55.0,5.0,14477.0,,0.0,5.0,1.0,,0.0,,5.0,05db9164,09e68b86,2beedeb2,c59396e7,25c83c98,7e0ccccf,a972360e,0b153874,7cc72ec2,acf0058d,9e511730,8f70e33a,04e4a7e0,64c94865,91126f30,6df0eed9,e5ba7672,5aed7436,55dd3565,5840adea,c412f773,,3a171ecb,3fdb382b,e8b83407,ccc71a58
0,1.0,1,5.0,8.0,7.0,8.0,1.0,8.0,8.0,1.0,1.0,0.0,8.0,05db9164,8e4f887c,,,25c83c98,13718bbd,47802627,5b9f3341,a73ee510,fbbf2c95,42e01668,,79db54f6,07d13a8f,b708086d,,d4bb7bd8,4b340164,,,,,3a171ecb,,,
1,,1,7.0,3.0,10087.0,67.0,6.0,3.0,57.0,,3.0,,3.0,05db9164,d7988e72,fb535e16,6fe3d332,25c83c98,13718bbd,2829f187,66f29b89,a73ee510,e034d733,3a9c7259,8e86918c,0d8d4492,07d13a8f,194c42a4,57236df8,e5ba7672,0f2f9850,c27239bd,5840adea,841f2712,,3a171ecb,1793a828,e8b83407,b820b6c5
0,7.0,1,40.0,,1418.0,23.0,147.0,0.0,7.0,0.0,4.0,0.0,,68fd1e64,80e26c9b,ba1947d0,85dd697c,25c83c98,7e0ccccf,16401b7d,a61cc0ef,a73ee510,3b08e48b,20ec800a,34a238e0,18a5e4b8,b28479f6,a785131a,da441c7e,e5ba7672,005c6740,21ddcdc9,5840adea,8717ea07,,32c7478e,1793a828,e8b83407,b9809574
0,,0,10.0,2.0,3545.0,,0.0,2.0,3.0,,0.0,,2.0,be589b51,e5fb1af3,50808b4e,39ec3719,25c83c98,13718bbd,316949b7,5b392875,a73ee510,3b08e48b,d51f40d7,75ef3efe,4eb5dabc,07d13a8f,b5de5956,d5cb04e4,776ce399,13145934,21ddcdc9,b1252a9d,1d4696ef,,32c7478e,39fe175c,e8b83407,1c7f8927
0,5.0,51,,5.0,457.0,5.0,5.0,7.0,11.0,1.0,1.0,1.0,5.0,ae82ea21,9e5ce894,e1120103,13508380,25c83c98,7e0ccccf,6855ef53,0b153874,a73ee510,175d6c71,b7094596,d19a1cc6,1f9d2c38,07d13a8f,8cf98699,e58b9a62,3486227d,a5bb7b8a,1d1eb838,a458ea53,2eb5be02,ad3062eb,c7dc6720,45ab94c8,ea9a246c,c84c4aec
0,0.0,0,15.0,2.0,20112.0,305.0,1.0,43.0,228.0,0.0,1.0,,30.0,05db9164,0a519c5c,02cf9876,c18be181,25c83c98,7e0ccccf,fe4e75fa,0b153874,a73ee510,6aea41c7,8f4f8f83,8fe001f4,8828a59c,07d13a8f,4ac81a35,36103458,d4bb7bd8,416e8695,,,e587c466,,93bad2c0,3b183c5c,,
0,0.0,1,4.0,3.0,1689.0,184.0,12.0,46.0,53.0,0.0,1.0,,3.0,8cf07265,207b2d81,d6be853a,4842a03d,384874ce,fe6b92e5,209d1929,5b392875,a73ee510,9eff685e,87fe3e10,dadde5ca,3bd6c21d,b28479f6,3c767806,6077db2c,e5ba7672,395856b0,21ddcdc9,a458ea53,ae7b2d98,,32c7478e,b8942a02,001f3601,4a6648b5
0,4.0,0,89.0,4.0,486.0,5.0,4.0,7.0,4.0,1.0,1.0,,4.0,05db9164,8947f767,22e8ec23,f8faa363,43b19349,7e0ccccf,45607029,51d76abe,a73ee510,0ada1061,2b9f131d,18e1f914,aca10c14,1adce6ef,ba8b8b16,226c87e7,d4bb7bd8,bd17c3da,656485cf,a458ea53,0443b252,,bcdee96c,c73755d6,e8b83407,c23979db
1,,39,2.0,1.0,3343.0,1.0,17.0,2.0,1.0,,1.0,,1.0,05db9164,5a88f1d5,16424a73,08694bce,30903e74,fe6b92e5,12c61956,5b392875,a73ee510,52486df2,94d2aad8,c76cdf17,f23a3825,b28479f6,e842876b,ffe60785,e5ba7672,1adff463,,,5f0fcebd,ad3062eb,3a171ecb,392bf8f1,,
0,,2,1.0,2.0,8036.0,164.0,18.0,13.0,367.0,,2.0,0.0,2.0,68fd1e64,287130e0,54597e12,12c911a7,384874ce,13718bbd,48b70cb6,985e3fcb,a73ee510,6123dced,1736789a,8c51bef7,1a347339,b28479f6,9efd8b77,f8f7edbf,3486227d,891589e7,99f90f6d,5840adea,72b1423f,,32c7478e,af062947,ea9a246c,b4a4615f
0,,-1,,,71140.0,142.0,0.0,7.0,63.0,,0.0,,,8cf07265,4c2bc594,d032c263,c18be181,25c83c98,fbad5c96,5d859d57,0b153874,7cc72ec2,cd481139,00adbfbb,dfbb09fb,d4b85d8d,8ceecbc8,7ac43a46,84898b2a,07c540c4,bc48b783,,,0014c32a,,3a171ecb,3b183c5c,,
1,,0,11.0,3.0,16184.0,125.0,2.0,3.0,103.0,,2.0,0.0,3.0,05db9164,f0cf0024,6f67f7e5,41274cd7,25c83c98,,94a113a4,0b153874,a73ee510,4ddb41b1,f47e21eb,623049e6,4f3f2bb1,b28479f6,e6c5b5cd,c92f3b61,07c540c4,b04e4670,21ddcdc9,5840adea,60f6221e,,32c7478e,43f13e8b,ea9a246c,731c3655
0,,140,2.0,2.0,,,0.0,2.0,2.0,,0.0,,2.0,5bfa8ab5,38a947a1,,,25c83c98,7e0ccccf,88002ee1,64523cfa,7cc72ec2,3b08e48b,f1b78ab4,,6e5da64f,07d13a8f,c2b7aaa6,,2005abd1,659bdb63,,,,ad3062eb,32c7478e,,,
0,2.0,0,,7.0,443.0,37.0,7.0,34.0,282.0,1.0,4.0,7.0,7.0,3c9d8785,38a947a1,4470baf4,8c8a4c47,43b19349,fbad5c96,282b88fc,0b153874,a73ee510,0f1a2599,ea26a3ee,bb669e25,0e5bc979,b28479f6,547b8c62,2b2ce127,8efede7f,b133fcd4,,,2b796e4a,,32c7478e,8d365d3b,,
1,2.0,1,60.0,75.0,61.0,121.0,52.0,39.0,248.0,1.0,8.0,1.0,77.0,05db9164,942f9a8d,ab4a038c,fea9881c,4cf72387,7e0ccccf,3f4ec687,0b153874,a73ee510,726f00fd,c4adf918,2b7b1137,85dbe138,1adce6ef,ae97ecc3,2dbf1d23,8efede7f,1f868fdd,f44bef3c,a458ea53,8adfc28d,,bcdee96c,3fdb382b,9d93af03,49d68486
0,1.0,34,2.0,42.0,328.0,44.0,15.0,49.0,58.0,1.0,9.0,0.0,42.0,05db9164,2c16a946,a65db9fb,9f43a1b5,25c83c98,,1d794a16,5b392875,a73ee510,ed086ca2,4c9e8313,28156fd4,67b031b4,b28479f6,3628a186,87140baa,e5ba7672,e4ca448c,,,67bb5322,,32c7478e,9117a34a,,
0,,0,,,14919.0,,0.0,0.0,0.0,,0.0,,,05db9164,4c2bc594,d032c263,c18be181,384874ce,fe6b92e5,b7c924a4,64523cfa,a73ee510,3b08e48b,2cc0193e,dfbb09fb,433f9499,8ceecbc8,7ac43a46,84898b2a,1e88c74f,bc48b783,,,0014c32a,,3a171ecb,3b183c5c,,
0,,1,,1.0,20216.0,66.0,1.0,1.0,1.0,,1.0,,1.0,68fd1e64,ae46a29d,c68767c4,f922efad,4cf72387,fbad5c96,5fd3419b,0b153874,a73ee510,972359d0,efc5e2cf,9e62f74b,c7176043,8ceecbc8,14d0a096,e2e2fcd9,d4bb7bd8,a573334c,,,3c35236f,,55dd3565,b34f3128,,
0,13.0,13,80.0,32.0,378.0,115.0,15.0,37.0,57.0,1.0,2.0,,48.0,5a9ed9b0,4f25e98b,b393df87,c3fecae9,25c83c98,7e0ccccf,5192dba2,0b153874,a73ee510,f1317066,aaa08406,8d33fe00,6665daff,8ceecbc8,5525889d,0fd4fbad,e5ba7672,9e4517be,3014a4b1,5840adea,572bdde8,ad3062eb,32c7478e,9fa3e01a,001f3601,d9bcfc08
0,,0,91.0,4.0,293.0,220.0,35.0,4.0,66.0,,5.0,1.0,4.0,05db9164,58e67aaf,1100da42,5024ec42,4cf72387,7e0ccccf,964d1fdd,37e4aa92,a73ee510,f007059b,59cd5ae7,a9d84aa8,8b216f7b,1adce6ef,d002b6d9,3b35c4c2,27c07bd6,c21c3e4c,21ddcdc9,a458ea53,e9ab8737,,423fab69,2c720b71,9b3e8820,47d6d9aa
0,,-1,,,5654.0,,0.0,4.0,15.0,,0.0,0.0,,05db9164,09e68b86,d8d5b6da,bd97eb27,43b19349,fbad5c96,4b219154,1f89b562,a73ee510,7259dc52,f25fe7e9,a6cbd3ab,dd183b4c,07d13a8f,36721ddc,cd220c47,3486227d,5aed7436,338f20de,a458ea53,7e08e349,,32c7478e,661d665d,9d93af03,ee88160c
0,0.0,53,,10.0,6550.0,98.0,34.0,11.0,349.0,0.0,9.0,,10.0,05db9164,207b2d81,8bd78c57,394ee067,25c83c98,6f6d9be8,283d5555,0b153874,a73ee510,3b08e48b,3d5fb018,e5f6b330,94172618,07d13a8f,0bf0feff,402a9036,e5ba7672,fa0643ee,21ddcdc9,b1252a9d,0094bc78,,32c7478e,29ece3ed,001f3601,402185f3
1,6.0,-1,10.0,6.0,0.0,0.0,6.0,9.0,9.0,1.0,1.0,,0.0,05db9164,09e68b86,be7504db,2f91f54d,25c83c98,7e0ccccf,26a81064,5b392875,a73ee510,dcbc7c2b,9e511730,1205ef20,04e4a7e0,07d13a8f,36721ddc,9f064e1a,e5ba7672,5aed7436,1d04f4a4,a458ea53,c3444bea,,3a171ecb,3fdb382b,e8b83407,49d68486
1,,0,1.0,3.0,2901.0,,0.0,3.0,9.0,,0.0,,3.0,05db9164,762b9a6f,b559a4bf,c7663617,25c83c98,,1f3230eb,1f89b562,a73ee510,687c8b31,05766aa3,051dfd94,b94e5df6,07d13a8f,aa600b94,dad720cc,1e88c74f,01890ebf,,,05afbcbe,,32c7478e,5a1a48d4,,
0,1.0,23,1.0,14.0,56.0,15.0,10.0,35.0,161.0,1.0,2.0,,15.0,be589b51,38a947a1,,,25c83c98,,ba0ca6c5,0b153874,a73ee510,56ae5fb0,7ca01a9d,,97d749c9,07d13a8f,bbe9d023,,e5ba7672,f9c50fb1,,,,,32c7478e,,,
0,,1,75.0,22.0,5912.0,181.0,2.0,22.0,68.0,,1.0,,22.0,5bfa8ab5,09e68b86,aa8c1539,85dd697c,4cf72387,,845fb196,5b392875,a73ee510,6997b535,911b463c,d8c29807,0c9cc756,8ceecbc8,d2f03b75,c64d548f,07c540c4,63cdbb21,cf99e5de,5840adea,5f957280,,32c7478e,1793a828,e8b83407,b7d9c3bc
1,,127,2.0,23.0,15837.0,23.0,4.0,24.0,23.0,,1.0,,23.0,68fd1e64,d4be07ad,d8fd96ac,9581b80f,25c83c98,fe6b92e5,ea3f0578,0b153874,a73ee510,c514dac9,42880796,2af3c6b9,6e1e209e,07d13a8f,1936a526,94df6876,e5ba7672,cbae5931,1f4a1e60,5840adea,115892da,,c7dc6720,b2f178a3,001f3601,938732a0
0,,-1,,,23204.0,,0.0,32.0,38.0,,0.0,,,68fd1e64,4c2bc594,d032c263,c18be181,25c83c98,fe6b92e5,3d63f4e6,0b153874,a73ee510,376bbe93,af6a4ffc,dfbb09fb,2a1579a2,1adce6ef,ae0c3875,84898b2a,8efede7f,15a36060,,,0014c32a,,423fab69,3b183c5c,,
0,,-1,,,681386.0,,,11.0,,,,,,05db9164,4c2bc594,d032c263,c18be181,43b19349,7e0ccccf,1554a783,0b153874,7cc72ec2,7636f6c8,b7bb7a17,dfbb09fb,73e186f6,8ceecbc8,7ac43a46,84898b2a,e5ba7672,bc48b783,,,0014c32a,c9d4222a,3a171ecb,3b183c5c,,
0,,1,64.0,11.0,1494.0,86.0,15.0,13.0,231.0,,4.0,,11.0,05db9164,8ab240be,f1fce64b,fbe29d7d,25c83c98,7e0ccccf,22eefdf2,0b153874,a73ee510,994730d3,974aaa98,51874c73,7889204d,07d13a8f,e7dd0bfc,d2f669a0,e5ba7672,ca533012,21ddcdc9,5840adea,30c1399f,,32c7478e,6856d4e9,b9266ff0,5f3ed85b
0,,1,1.0,,2903.0,2.0,3.0,0.0,2.0,,1.0,,,05db9164,80e26c9b,aa8c1539,85dd697c,43b19349,fbad5c96,9c7e110d,0b153874,a73ee510,3b08e48b,3204e37d,d8c29807,8b4df3b4,1adce6ef,0f942372,c64d548f,07c540c4,005c6740,21ddcdc9,5840adea,5f957280,,3a171ecb,1793a828,e8b83407,9904c656
0,,105,1.0,1.0,171519.0,,0.0,1.0,13.0,,0.0,,1.0,05db9164,38a947a1,145f2f75,82a61820,4cf72387,7e0ccccf,9d99aaa3,5b392875,7cc72ec2,2ce2764d,d93e6010,7161e106,4e8bba73,1adce6ef,402ce7c7,bb6d240e,07c540c4,e96a7df2,,,5fe17899,,423fab69,cafb4e4d,,
0,,35,90.0,2.0,41230.0,352.0,0.0,5.0,44.0,,0.0,,5.0,05db9164,c5fe64d9,4e14c1ea,cb4db510,25c83c98,7e0ccccf,77e91f62,1f89b562,a73ee510,1a88cf9b,7defe259,4ec1453d,11fa2c12,b28479f6,543c0413,9cdd6d81,e5ba7672,c235abed,4632bcdc,b1252a9d,4bab48f8,,c7dc6720,3fdb382b,ea9a246c,49d68486
0,,0,78.0,1.0,15835.0,220.0,1.0,1.0,1.0,,1.0,,1.0,05db9164,09e68b86,adeee51f,c9add53e,25c83c98,fe6b92e5,a255dd63,0b153874,a73ee510,4effc25c,d13e1160,75762013,45820f61,07d13a8f,36721ddc,afb79297,d4bb7bd8,5aed7436,363a4009,b1252a9d,aaf7d15f,,3a171ecb,1793a828,e8b83407,d94377ca
0,,1715,,1.0,7545.0,19.0,15.0,1.0,87.0,,7.0,0.0,1.0,5a9ed9b0,999aae35,79bc99b4,e5e453f3,25c83c98,7e0ccccf,e13ff1c4,1f89b562,a73ee510,fbbf2c95,15cd287d,424e28fe,86c79eb0,243a4e68,39a6addf,a6a69939,3486227d,63aa00dd,,,424af181,,3a171ecb,869caea3,,
0,0.0,48,3.0,2.0,14482.0,377.0,8.0,2.0,283.0,0.0,2.0,,2.0,05db9164,09e68b86,b3bebfb8,bc93ba48,43b19349,,46319bad,0b153874,a73ee510,14e49183,c92f4124,49fe61e3,c576c612,b28479f6,52baadf5,dc12c38d,e5ba7672,5aed7436,21ddcdc9,b1252a9d,0421c25a,,32c7478e,a212d987,e8b83407,f82917a3
1,,-1,,,5760.0,42.0,218.0,0.0,287.0,,15.0,0.0,,5a9ed9b0,3f0d3f28,,,25c83c98,7e0ccccf,218a739b,0b153874,a73ee510,e157f846,b83708c2,,272d6290,1adce6ef,14108df6,,8efede7f,88416823,,,,ad3062eb,423fab69,,,
0,,1759,5.0,0.0,28244.0,20.0,2.0,6.0,10.0,,0.0,,7.0,f473b8dc,80e26c9b,8cd51466,85dd697c,25c83c98,,311d5143,0b153874,a73ee510,3b08e48b,57f01cf7,7141d2d3,f0ba98ce,8ceecbc8,8d015bd8,da441c7e,07c540c4,005c6740,21ddcdc9,5840adea,791e1a2f,,32c7478e,1793a828,e8b83407,9904c656
1,0.0,61,,12.0,4243.0,189.0,5.0,7.0,141.0,0.0,2.0,,19.0,68fd1e64,cc8e236e,1c239854,cf3dc9c2,25c83c98,fe6b92e5,07d75b52,0b153874,a73ee510,f828214f,a2c1d2d9,98d78b2b,ea31804b,07d13a8f,3a8c68b7,da1333b6,e5ba7672,775e80fe,21ddcdc9,5840adea,3ee29a07,,c7dc6720,c83e0347,ea9a246c,2fede552
1,0.0,30,2.0,25.0,2204.0,182.0,62.0,33.0,1127.0,0.0,6.0,0.0,25.0,05db9164,2a69d406,02391f51,b9c629a9,4cf72387,7e0ccccf,d5f62b87,0b153874,a73ee510,84462a5b,434d6c13,2397259a,7301027a,07d13a8f,3b2d8705,d37efe8c,3486227d,642f2610,21ddcdc9,5840adea,b6119319,,423fab69,45ab94c8,2bf691b1,b13f4ade
0,,0,6.0,1.0,5876.0,82.0,2.0,1.0,54.0,,1.0,0.0,1.0,5a9ed9b0,95e2d337,da7ab894,69040d07,25c83c98,7e0ccccf,ca61e56c,0b153874,a73ee510,3b08e48b,d8448b98,12d78bbf,7d1f1fa0,64c94865,7de4908b,80a570b5,27c07bd6,701d695d,712d530c,a458ea53,e478bacc,ad3062eb,3a171ecb,4921c033,2bf691b1,80b0aeb9
0,0.0,22,3.0,14.0,2966.0,290.0,62.0,19.0,254.0,0.0,2.0,,55.0,05db9164,ad61f1c8,25294e9a,3e84bddd,25c83c98,7e0ccccf,00239ba4,0b153874,a73ee510,7cb8561e,13429d76,e3969494,158b69db,07d13a8f,818651cf,2a580598,e5ba7672,84eb7a34,,,72f3efda,,423fab69,786a0db5,,
0,0.0,22,12.0,14.0,15308.0,497.0,1.0,44.0,258.0,0.0,1.0,,16.0,68fd1e64,2c16a946,004273d4,65723153,f281d2a7,fbad5c96,ac652f55,c8ddd494,a73ee510,3b08e48b,5a0a81aa,d9a59982,99b38f98,b28479f6,3628a186,c0c7a39b,d4bb7bd8,e4ca448c,,,946027cb,,32c7478e,9117a34a,,
1,2.0,-1,0.0,0.0,18.0,0.0,2.0,0.0,0.0,1.0,1.0,,0.0,05db9164,f9875f50,77f60250,28efe861,25c83c98,,d5527617,64523cfa,a73ee510,3b08e48b,7466b255,0d58691e,f4c487c1,b28479f6,722bd39d,accf6945,07c540c4,43a9e4b1,5ce524d1,b1252a9d,6e738c9a,,32c7478e,8b4b13eb,e8b83407,ea6868de
0,,5,30.0,4.0,,,0.0,5.0,4.0,,0.0,,5.0,68fd1e64,207b2d81,74e1a23a,9a6888fb,25c83c98,7e0ccccf,d356c7e6,5b392875,7cc72ec2,3b08e48b,727af3e2,fb8fab62,49fe3d4e,b28479f6,231f3923,c6b1e1b2,2005abd1,25935396,21ddcdc9,5840adea,99c09e97,,be7c41b4,335a6a1e,001f3601,8d8eb391
0,6.0,1,,3.0,46.0,10.0,17.0,38.0,132.0,1.0,4.0,,3.0,5a9ed9b0,62e9e9bf,8f580889,6a19153c,43b19349,fe6b92e5,fe4dce68,0b153874,a73ee510,ab9e9acf,68357db6,bf616da1,768f6658,07d13a8f,de829bed,4ea79cfd,e5ba7672,d2651d6e,,,7636d0ea,,32c7478e,6f90ebe1,,
0,2.0,0,3.0,13.0,5.0,40.0,8.0,14.0,41.0,1.0,2.0,,13.0,05db9164,ae46a29d,ba676c6e,f922efad,4cf72387,7e0ccccf,0492c809,0b153874,a73ee510,3332471e,ba0f9e8a,178099fd,4e4dd817,b28479f6,cccdd69e,e2e2fcd9,07c540c4,e32bf683,,,b964dee0,ad3062eb,32c7478e,b34f3128,,
0,,14,,0.0,31324.0,,,17.0,,,,,16.0,05db9164,beea1002,d032c263,c18be181,25c83c98,7e0ccccf,5ce94b48,0b153874,a73ee510,451bd4e4,20c37f5c,dfbb09fb,b029ebab,07d13a8f,d9c759ef,84898b2a,e5ba7672,8b61249a,,,0014c32a,,423fab69,3b183c5c,,
0,0.0,2,5.0,,2982.0,88.0,9.0,0.0,50.0,0.0,1.0,,,5a9ed9b0,38d50e09,c86b2d8d,657dc3b9,25c83c98,,fe4dce68,0b153874,a73ee510,16a81a6c,68357db6,1ca7a526,768f6658,07d13a8f,e2275836,ba46c3a1,e5ba7672,fffe2a63,21ddcdc9,b1252a9d,eb0fc6f8,,32c7478e,df487a73,001f3601,c27f155b
0,2.0,207,,3.0,66.0,4.0,5.0,43.0,49.0,1.0,3.0,,4.0,05db9164,f3b07830,fafd1603,29859b14,4cf72387,fe6b92e5,e824c09e,0b153874,a73ee510,3b08e48b,dcea998f,cfaee88e,55be071f,b28479f6,794f6f8b,080b92a6,07c540c4,048d01f4,,,bdf0785f,,32c7478e,c657e6e5,,
1,,7,16.0,28.0,19049.0,2130.0,5.0,33.0,706.0,,3.0,,33.0,5a9ed9b0,08d6d899,9143c832,f56b7dd5,25c83c98,7e0ccccf,0c41b6a1,51d76abe,a73ee510,c5374647,4ba74619,ae1bb660,879fa878,07d13a8f,41f10449,bad5ee18,e5ba7672,698d1c68,,,0429f84b,,423fab69,c0d61a5c,,
1,0.0,17,,,10363.0,2794.0,2.0,0.0,41.0,0.0,1.0,,,ae82ea21,38a947a1,a5b17a86,2021514b,384874ce,7e0ccccf,0dce61ea,0b153874,a73ee510,3b08e48b,70948dc7,83360996,a7193268,b28479f6,1a9008ad,0f696881,07c540c4,b7df68cc,,,0d9a7096,,32c7478e,6d02235d,,
0,0.0,6,73.0,1.0,10301.0,193.0,1.0,25.0,59.0,0.0,1.0,,15.0,05db9164,e77e5e6e,f6af84a9,13508380,25c83c98,7e0ccccf,0f4edcf3,0b153874,a73ee510,b12b0205,c658b52c,526cbb20,51cc5d51,07d13a8f,ee9ed69d,a76922c9,d4bb7bd8,dd489dad,1d1eb838,b1252a9d,29556387,,423fab69,45ab94c8,445bbe3b,c84c4aec
1,,-1,,,446.0,30.0,2.0,27.0,28.0,,1.0,,,05db9164,38d50e09,c86b2d8d,657dc3b9,25c83c98,6f6d9be8,fe4dce68,0b153874,a73ee510,16a81a6c,68357db6,1ca7a526,768f6658,07d13a8f,e2275836,ba46c3a1,07c540c4,fffe2a63,21ddcdc9,b1252a9d,eb0fc6f8,,32c7478e,df487a73,001f3601,c27f155b
0,,1,5.0,,32339.0,,,4.0,,,,,,05db9164,38a947a1,26f13523,711c0624,384874ce,7e0ccccf,5e8b4856,0b153874,a73ee510,92e70d0f,e90cbbe1,2a3f3e3e,a4c7bffd,07d13a8f,ed1eab3c,367b7adf,07c540c4,bae38128,,,d20446d4,,3a171ecb,e83b649e,,
0,1.0,3,2.0,,521.0,7.0,4.0,7.0,7.0,1.0,2.0,,,5a9ed9b0,58e67aaf,0ec2fff5,207ae8c2,4cf72387,7e0ccccf,fcf0132a,0b153874,a73ee510,aed3d80e,d650f1bd,784cdff5,863f8f8a,051219e6,d83fb924,5374981f,e5ba7672,c21c3e4c,5837ec60,a458ea53,fd87de9d,,c7dc6720,c3a1e318,9b3e8820,6717a08d
0,0.0,16,44.0,21.0,1844.0,77.0,5.0,21.0,70.0,0.0,1.0,,21.0,5a9ed9b0,4f25e98b,606b404a,ecb0d7f8,4cf72387,7e0ccccf,72c0043a,5b392875,a73ee510,b5a4a1b8,84eb4210,4c24ccb6,5fffcbe5,07d13a8f,dfab705f,808c0b0d,e5ba7672,7ef5affa,abfaf938,b1252a9d,153b1e66,,3a171ecb,fb38505f,001f3601,24d28202
1,1.0,0,31.0,9.0,226.0,22.0,32.0,13.0,177.0,1.0,7.0,0.0,11.0,5a9ed9b0,942f9a8d,013bceb0,136ff514,25c83c98,6f6d9be8,3f4ec687,7b6fecd5,a73ee510,726f00fd,c4adf918,65b6ef3b,85dbe138,1adce6ef,ae97ecc3,a55f20ce,3486227d,1f868fdd,cd11c728,a458ea53,00680113,,32c7478e,ad4c56a0,e8b83407,8270b5de
0,0.0,37,23.0,9.0,1635.0,84.0,2.0,17.0,109.0,0.0,2.0,,50.0,05db9164,9b25e48b,2d9b2559,96302ef8,43b19349,fbad5c96,e64ca89e,5b392875,a73ee510,3b76bfa9,87bb382c,3d899a5a,d95a2a6d,8ceecbc8,8f3ef960,24352c5c,07c540c4,7d8c03aa,fbf39fb5,a458ea53,0c61029b,,32c7478e,216a829e,001f3601,abc00283
0,0.0,156,14.0,0.0,0.0,408.0,11.0,10.0,1288.0,0.0,6.0,,0.0,1a5f926e,404660bb,5c7d8ff6,902872c9,25c83c98,fbad5c96,928efe34,0b153874,a73ee510,5ba575e7,19de763a,79b87c55,f948ca5d,b28479f6,abcca5c1,5627d7e0,e5ba7672,4b17f8a2,21ddcdc9,5840adea,4063500f,,32c7478e,54baf4d1,f0f449dd,984e0db0
0,0.0,-1,,,2282.0,41.0,30.0,15.0,157.0,0.0,3.0,4.0,,05db9164,4f25e98b,3651d7de,195aa7ef,25c83c98,fe6b92e5,0038e65c,5b392875,a73ee510,3b08e48b,6dbe9cfd,7bbd899e,1ddad6aa,b28479f6,8ab5b746,773620b7,8efede7f,7ef5affa,4764bf77,a458ea53,99860501,ad3062eb,bcdee96c,ac73f6cb,001f3601,a3efae54
0,,68,,,,,,0.0,,,,,,f473b8dc,38d50e09,,,43b19349,7e0ccccf,970f01b2,5b392875,7cc72ec2,3b08e48b,36bccca0,,80467802,07d13a8f,ee569ce2,,2005abd1,582152eb,21ddcdc9,5840adea,,,55dd3565,,001f3601,56be3401
0,,11,35.0,10.0,1998.0,246.0,32.0,27.0,418.0,,2.0,0.0,11.0,05db9164,f7ab4058,eefae96e,528cb4b1,25c83c98,fbad5c96,7b48eb6b,0b153874,a73ee510,8567b763,03eac08a,37043ed4,e99759ed,07d13a8f,521b9165,dc2ea893,27c07bd6,e5213cd5,21ddcdc9,b1252a9d,ee0211cd,,c7dc6720,a78905c5,001f3601,c97d7481
0,,0,,,3129.0,28.0,8.0,0.0,67.0,,5.0,0.0,,68fd1e64,95e2d337,c78c7c57,b6164e3e,43b19349,7e0ccccf,ca37ceb8,0b153874,a73ee510,ab52a4be,77e7d573,3e6d8d59,857a4197,07d13a8f,4e505ea3,44488f61,e5ba7672,7b06fafe,841389cd,b1252a9d,4d761302,ad3062eb,32c7478e,94e5d18d,2bf691b1,b95bf917
0,0.0,2903,1.0,0.0,1912.0,83.0,5.0,34.0,190.0,0.0,4.0,,1.0,87552397,4c2bc594,d032c263,c18be181,25c83c98,7e0ccccf,968a6688,0b153874,a73ee510,7259dc52,f25fe7e9,dfbb09fb,dd183b4c,64c94865,00631f93,84898b2a,e5ba7672,5a5b8bf9,,,0014c32a,,32c7478e,3b183c5c,,
1,5.0,-1,,,1388.0,0.0,11.0,1.0,7.0,0.0,3.0,,,be589b51,4f25e98b,5e77a792,1f8fb20a,25c83c98,6f6d9be8,a088b320,0b153874,a73ee510,ecac5559,6be5122d,0e9788be,c8c105ca,b28479f6,8ab5b746,ecfa1f48,e5ba7672,7ef5affa,712d530c,a458ea53,f1889e1b,,32c7478e,3eeb9872,001f3601,d7d385f2
0,3.0,2,1.0,0.0,95.0,0.0,74.0,20.0,118.0,2.0,17.0,,0.0,6e4a368f,38a947a1,dd17c91c,82a61820,43b19349,7e0ccccf,1c86e0eb,0b153874,a73ee510,f991ddf2,755e4a50,75529ad8,5978055e,07d13a8f,0169c5a1,5eea53aa,e5ba7672,e96a7df2,,,0f78ab39,c9d4222a,32c7478e,cafb4e4d,,
0,2.0,0,9.0,5.0,44.0,5.0,2.0,4.0,5.0,2.0,2.0,,5.0,5a9ed9b0,3e4b7926,e1266b28,09e3cd5a,384874ce,7e0ccccf,675e81f6,5b392875,a73ee510,d1ebaddf,4a77ddca,eb8ded57,dc1d72e4,07d13a8f,e6863a8e,3d9023a4,07c540c4,e261f8d8,21ddcdc9,b1252a9d,31b4af04,,32c7478e,8d653a3e,445bbe3b,32280082
0,,2537,1.0,,6033.0,10.0,21.0,0.0,10.0,,2.0,1.0,,05db9164,942f9a8d,9f950fff,40728eaf,25c83c98,7e0ccccf,49b74ebc,0b153874,a73ee510,0e9ead52,c4adf918,6d39bfb7,85dbe138,b28479f6,ac182643,ca7718ac,1e88c74f,1f868fdd,55dd3565,a458ea53,969e4f55,,32c7478e,4008e1ec,001f3601,273183e4
0,,-1,4.0,,11492.0,,0.0,0.0,0.0,,0.0,,,68fd1e64,78ccd99e,414ceaee,c9d7eaf9,25c83c98,,be0a9688,0b153874,a73ee510,3b08e48b,10e6a64f,ef8996b1,38b5339a,b28479f6,1ca2ec64,03172d90,1e88c74f,e7e991cb,21ddcdc9,a458ea53,6463aac0,,32c7478e,f689bb81,e8b83407,65aa49a4
0,,1,5.0,5.0,349.0,,0.0,5.0,5.0,,0.0,,5.0,05db9164,0363d860,915bbd8f,26ac5cc6,4cf72387,fbad5c96,4bd081bf,0b153874,a73ee510,3b08e48b,2271d551,87408e45,0092602c,1adce6ef,8f0f791f,8759a2d9,776ce399,a62ebaa8,,,6ec2bcf7,,be7c41b4,7f686ab3,,
0,,0,17.0,3.0,19811.0,,0.0,3.0,54.0,,0.0,,3.0,05db9164,f0cf0024,6f67f7e5,41274cd7,25c83c98,fbad5c96,9b6a4cc9,0b153874,a73ee510,a5aa06c8,8e3de34d,623049e6,b50e2ed0,b28479f6,e6c5b5cd,c92f3b61,1e88c74f,b04e4670,21ddcdc9,5840adea,60f6221e,,32c7478e,43f13e8b,ea9a246c,731c3655
0,,1261,10.0,4.0,,,0.0,5.0,10.0,,0.0,,5.0,05db9164,38a947a1,1ef76781,40ed41e5,dd2d8e4d,7e0ccccf,e7698644,0b153874,7cc72ec2,3b08e48b,f9d0f35e,f9de2371,b55434a9,b28479f6,79266ab2,56bfb1f9,2005abd1,e96a7df2,,,d8e97ca0,,be7c41b4,a415643d,,
0,,-1,5.0,,34807.0,82.0,0.0,0.0,60.0,,0.0,,,f473b8dc,287130e0,bdea3be7,0d69fcf9,4cf72387,6f6d9be8,c37c44f9,5b392875,a73ee510,b40a6cd7,fd318026,1a9d7683,fb4bc60c,07d13a8f,10040656,1af0086f,e5ba7672,891589e7,e6786b15,a458ea53,4deadf73,,32c7478e,1cc9af15,cb079c2d,36e416d3
0,0.0,0,113.0,13.0,1853.0,64.0,1.0,45.0,52.0,0.0,1.0,,13.0,68fd1e64,80e26c9b,e346a5fd,85dd697c,25c83c98,7e0ccccf,197b4575,0b153874,a73ee510,6c47047a,745416a3,539c5644,e40e52ae,1adce6ef,0f942372,aafa191e,d4bb7bd8,005c6740,21ddcdc9,5840adea,7e5b7cc4,ad3062eb,3a171ecb,1793a828,e8b83407,9904c656
0,,7,1.0,,9128.0,,0.0,0.0,7.0,,0.0,,,ae82ea21,38a947a1,1a778157,3fee2b13,25c83c98,fbad5c96,53b5f978,0b153874,a73ee510,3b08e48b,91e8fc27,4e05887a,9ff13f22,07d13a8f,5d76dea1,b4bb659e,776ce399,d6be9f7b,,,64e9eec3,,be7c41b4,1793a828,,
1,7.0,31,24.0,6.0,7.0,7.0,7.0,4.0,6.0,1.0,1.0,,6.0,05db9164,09e68b86,aa8c1539,85dd697c,25c83c98,7e0ccccf,21f5b15a,1f89b562,a73ee510,d8a1c4f1,a0a5e9d7,d8c29807,ee79db7b,8ceecbc8,d2f03b75,c64d548f,07c540c4,63cdbb21,cf99e5de,5840adea,5f957280,,32c7478e,1793a828,e8b83407,b7d9c3bc
1,5.0,59,1.0,1.0,31.0,1.0,5.0,1.0,10.0,1.0,1.0,0.0,1.0,68fd1e64,b80912da,bd350f15,c0ffce15,0942e0a7,fe6b92e5,f8008800,0b153874,a73ee510,50af9b31,e16bba2e,27e5d73a,b17372a1,07d13a8f,569913cf,fdcf791c,e5ba7672,7119e567,d9aa05dc,b1252a9d,33c8b815,,c7dc6720,2d895b70,5c813496,98619b1c
0,,54,,2.0,96563.0,,0.0,11.0,2.0,,0.0,,2.0,68fd1e64,8084ee93,02cf9876,c18be181,25c83c98,fbad5c96,89a13b6b,37e4aa92,7cc72ec2,f62834dd,fa365cf9,8fe001f4,d2420e4c,b28479f6,b2ff8c6b,36103458,d4bb7bd8,52e44668,,,e587c466,c9d4222a,32c7478e,3b183c5c,,
0,20.0,2568,,1.0,7.0,13.0,31.0,30.0,35.0,2.0,5.0,,0.0,05db9164,3f0d3f28,,,25c83c98,7e0ccccf,1c86e0eb,c8ddd494,a73ee510,73af8251,755e4a50,,5978055e,1adce6ef,14108df6,,e5ba7672,88416823,,,,,423fab69,,,
0,1.0,0,1.0,2.0,169.0,2.0,9.0,11.0,312.0,1.0,4.0,0.0,2.0,05db9164,b2659ff1,4bcff5f1,906433d5,25c83c98,fbad5c96,ec258437,0b153874,a73ee510,fa7d0797,938fe91f,f724f535,f948ca5d,cfef1c29,4ee6e6c5,375e495d,8efede7f,15bb350b,,,69bb8bd4,,32c7478e,a283230e,,
0,,5,2.0,3.0,10892.0,15.0,4.0,4.0,32.0,,2.0,0.0,3.0,68fd1e64,09e68b86,8813e7fd,35b598a9,2c6b8ded,13718bbd,a7565058,5b392875,a73ee510,d7ae8050,69afd526,78ba0921,84def884,1adce6ef,dbc5e126,0f33b689,3486227d,5aed7436,21ddcdc9,b1252a9d,4435a274,,3a171ecb,73496e83,e8b83407,f3fccfbe
0,8.0,27,7.0,5.0,18.0,6.0,8.0,7.0,8.0,1.0,1.0,,4.0,05db9164,09e68b86,13b9e8b8,1ac897b5,25c83c98,7e0ccccf,cc5ed2f1,0b153874,a73ee510,3b08e48b,facf05cc,eb6aeb80,9f16a973,1adce6ef,dbc5e126,819c2777,e5ba7672,5aed7436,8addf1f5,a458ea53,587b2879,c9d4222a,32c7478e,3fdb382b,e8b83407,49d68486
0,0.0,1,14.0,2.0,120.0,733.0,0.0,12.0,606.0,0.0,0.0,98.0,2.0,5a9ed9b0,097e9399,915bbd8f,26ac5cc6,f3474129,fe6b92e5,875679ca,37e4aa92,a73ee510,3b08e48b,bbd0e773,87408e45,79ae8b9a,1adce6ef,5c3dbd29,8759a2d9,8efede7f,97029569,21ddcdc9,b1252a9d,6ec2bcf7,,55dd3565,7f686ab3,2bf691b1,bebc2875
1,,-1,,,4253.0,2.0,6.0,1.0,2.0,,2.0,,,b455c6d7,38a947a1,,,25c83c98,,6cdb3998,0b153874,a73ee510,21fa915a,5874c9c9,,740c210d,07d13a8f,ce0f2958,,e5ba7672,87c9f30d,,,,,32c7478e,,,
1,1.0,6,2.0,6.0,27.0,5.0,1.0,8.0,182.0,1.0,1.0,,5.0,68fd1e64,04e09220,b1ecc6c4,5dff9b29,f3474129,7e0ccccf,a879efe1,1f89b562,a73ee510,ccf1de05,bf4de37f,2436ff75,f81d2620,07d13a8f,cae64906,f4ead43c,e5ba7672,e161d23a,,,4f1aa25f,,32c7478e,ded4aac9,,
0,1.0,1,1.0,2.0,1363.0,8.0,7.0,13.0,62.0,0.0,3.0,,3.0,17f69355,207b2d81,36f3d130,a0640cda,4cf72387,fbad5c96,0cc37e77,5b392875,a73ee510,1f765f17,f0d7528c,a3758fd7,4ac844f1,07d13a8f,90ff0d8d,fd37f1d8,e5ba7672,25c88e42,21ddcdc9,a458ea53,2b55d856,,32c7478e,51e4f023,001f3601,322cbe58
0,,179,4.0,4.0,17232.0,,0.0,18.0,7.0,,0.0,0.0,4.0,05db9164,421b43cd,58ddcb6a,29998ed1,25c83c98,fe6b92e5,11ffbf5b,5b392875,a73ee510,865b29d9,f2313205,6aaba33c,9c7a975e,b28479f6,2d0bb053,b041b04a,e5ba7672,2804effd,,,723b4dfd,,c7dc6720,b34f3128,,
0,3.0,-1,,,79.0,0.0,3.0,0.0,0.0,1.0,1.0,0.0,,05db9164,09e68b86,3b40a9aa,37dff460,25c83c98,,815e3303,1f89b562,a73ee510,b9b1972c,2cfc1696,ba5646a2,9bbdb8bd,cfef1c29,18847041,cb880c3a,07c540c4,5aed7436,5389847f,5840adea,5b4aa781,,32c7478e,1793a828,e8b83407,63093459
0,,-1,,,7475.0,29.0,3.0,0.0,30.0,,2.0,,,05db9164,2c8c5f5d,a027dac1,079955f5,25c83c98,fe6b92e5,cc5ed2f1,25239412,a73ee510,3b08e48b,081c279a,83202629,9f16a973,b28479f6,36fdeaa3,743293f1,07c540c4,f5f4ae5b,,,5337a20b,,3a171ecb,1793a828,,
0,,-1,21.0,1.0,87.0,,0.0,22.0,714.0,,0.0,,1.0,68fd1e64,287130e0,1a31a0e8,37718639,25c83c98,7e0ccccf,c31847f5,0b153874,a73ee510,3b08e48b,a12fca95,138527f4,9b9e44d2,07d13a8f,10040656,e047b86c,776ce399,891589e7,26e97973,a458ea53,d7c93a6d,ad3062eb,be7c41b4,a9a2ac1a,9b3e8820,3547c540
1,1.0,328,,3.0,2.0,0.0,5.0,39.0,98.0,1.0,4.0,,0.0,05db9164,4c2bc594,d032c263,c18be181,25c83c98,7e0ccccf,0aea30a9,0b153874,a73ee510,6320f08e,53e86199,dfbb09fb,3d3449d7,8ceecbc8,7ac43a46,84898b2a,e5ba7672,bc48b783,,,0014c32a,c9d4222a,55dd3565,3b183c5c,,
0,,1392,12.0,9.0,1775.0,,0.0,16.0,31.0,,0.0,,16.0,68fd1e64,4c2bc594,d032c263,c18be181,0942e0a7,fbad5c96,16401b7d,5b392875,a73ee510,3b08e48b,20ec800a,dfbb09fb,18a5e4b8,8ceecbc8,7ac43a46,84898b2a,776ce399,bc48b783,,,0014c32a,,3a171ecb,3b183c5c,,
1,6.0,1249,4.0,0.0,43.0,3.0,22.0,1.0,23.0,1.0,3.0,,0.0,05db9164,403ea497,2cbec47f,3e2bfbda,25c83c98,7e0ccccf,124131fa,0b153874,a73ee510,4c89c3af,9ba53fcc,21a23bfe,42156eb4,b28479f6,91f74a64,587267a3,e5ba7672,a78bd508,21ddcdc9,a458ea53,c2a93b37,c9d4222a,3a171ecb,1793a828,e8b83407,2fede552
0,0.0,8,8.0,8.0,33500.0,,,9.0,,0.0,,,9.0,05db9164,8e4f887c,,,25c83c98,7e0ccccf,d130cbd1,0b153874,a73ee510,4c1928d3,9a422971,,174e4cac,b28479f6,b43b1e88,,e5ba7672,4b340164,,,,,3a171ecb,,,
1,4.0,1,1.0,2.0,27.0,2.0,4.0,2.0,2.0,1.0,1.0,,2.0,05db9164,6c9c9cf3,2730ec9c,5400db8b,25c83c98,7e0ccccf,8a6600b0,813607cc,a73ee510,e4b08fda,4ab39743,be45b877,ab8a1a53,07d13a8f,06969a20,9bc7fff5,07c540c4,92555263,,,242bb710,,3a171ecb,72c78f11,,
0,3.0,26,1.0,1.0,1431.0,1.0,11.0,1.0,1.0,0.0,1.0,,1.0,68fd1e64,c76014f5,df00c4f0,031bba14,25c83c98,,6fb62f1a,0b153874,a73ee510,299aecf1,e51ddf94,336bb1d7,3516f6e6,b28479f6,a46c3543,631f0045,e5ba7672,93b0d1d7,,,1fe472e2,,32c7478e,89bd83a1,,
0,,1,2.0,23.0,7207.0,31.0,1.0,5.0,27.0,,1.0,,23.0,05db9164,09e68b86,aa8c1539,85dd697c,384874ce,13718bbd,622305e6,0b153874,a73ee510,2124a520,319687c9,d8c29807,62036f49,1adce6ef,dcd06253,c64d548f,e5ba7672,63cdbb21,cf99e5de,a458ea53,5f957280,,3a171ecb,1793a828,e8b83407,b7d9c3bc
0,,1,,,,,,0.0,,,,,,68fd1e64,791f3f76,d032c263,c18be181,4cf72387,7e0ccccf,970f01b2,0b153874,7cc72ec2,3b08e48b,36bccca0,dfbb09fb,80467802,07d13a8f,876a7e78,84898b2a,2005abd1,0f4a15b0,,,0014c32a,,55dd3565,3b183c5c,,
1,3.0,125,10.0,10.0,2.0,5.0,14.0,6.0,12.0,1.0,3.0,0.0,2.0,05db9164,09e68b86,f5717f7e,4ea9d392,25c83c98,13718bbd,d2d741ca,0b153874,a73ee510,9bc1a7c1,ea4adb47,62b65e7d,05781932,1adce6ef,dbc5e126,8415382f,e5ba7672,5aed7436,9437f62f,b1252a9d,cc90b301,,bcdee96c,bcaac82f,e8b83407,cfb3c3bd
0,1.0,46,182.0,22.0,940.0,,0.0,49.0,21.0,1.0,0.0,,45.0,05db9164,207b2d81,01c3dd01,df302251,384874ce,fbad5c96,38eb9cf4,0b153874,a73ee510,451bd4e4,7f8ffe57,ada61bc3,46f42a63,07d13a8f,0bf0feff,a56b1c87,e5ba7672,fa0643ee,21ddcdc9,5840adea,adc030d0,,32c7478e,73b6604e,001f3601,daa08341
0,2.0,-1,,,501.0,0.0,2.0,0.0,0.0,1.0,1.0,,,68fd1e64,4c2bc594,d032c263,c18be181,25c83c98,fe6b92e5,1e9876db,0b153874,a73ee510,fa7d0797,043725ae,dfbb09fb,7f0d7407,8ceecbc8,7ac43a46,84898b2a,07c540c4,bc48b783,,,0014c32a,,3a171ecb,3b183c5c,,
1,2.0,0,11.0,8.0,4.0,0.0,41.0,44.0,382.0,2.0,12.0,0.0,0.0,05db9164,80e26c9b,e346a5fd,85dd697c,25c83c98,,61a3f3fb,0b153874,a73ee510,955bb819,1867a48c,539c5644,9291ca36,b28479f6,a785131a,aafa191e,27c07bd6,005c6740,21ddcdc9,5840adea,7e5b7cc4,,bcdee96c,1793a828,e8b83407,b9809574
0,2.0,7,157.0,18.0,67.0,25.0,11.0,33.0,137.0,1.0,5.0,,25.0,68fd1e64,38a947a1,4d9b4fc0,7c1458f0,4cf72387,7e0ccccf,1c86e0eb,0b153874,a73ee510,935a36f0,755e4a50,9916eb6c,5978055e,b28479f6,46ed0b3c,daa2b8fc,e5ba7672,2c6cb693,,,959cbfac,,32c7478e,b258af68,,
0,0.0,355,,,1504.0,13.0,2.0,13.0,235.0,0.0,1.0,,,05db9164,4c2bc594,d032c263,c18be181,25c83c98,7e0ccccf,26a81064,0b153874,a73ee510,dcbc7c2b,9e511730,dfbb09fb,04e4a7e0,8ceecbc8,7ac43a46,84898b2a,07c540c4,bc48b783,,,0014c32a,ad3062eb,55dd3565,3b183c5c,,
0,0.0,0,1.0,18.0,1550.0,109.0,9.0,48.0,298.0,0.0,3.0,,34.0,05db9164,8ab240be,38e8a328,835b2efc,25c83c98,7e0ccccf,6c9b7105,5b392875,a73ee510,e7ca48e6,58a92dd1,fb91fe0f,b079c917,07d13a8f,e7dd0bfc,61723d1d,e5ba7672,ca533012,21ddcdc9,5840adea,58b437de,,32c7478e,474c9530,445bbe3b,56be3401
0,3.0,-1,2.0,1.0,79.0,1.0,3.0,1.0,1.0,1.0,1.0,0.0,1.0,68a25dc5,80e26c9b,3b40a9aa,37dff460,25c83c98,,815e3303,0b153874,a73ee510,b9b1972c,2cfc1696,ba5646a2,9bbdb8bd,07d13a8f,f3635baf,cb880c3a,07c540c4,f54016b9,21ddcdc9,b1252a9d,5b4aa781,,32c7478e,1793a828,e8b83407,da9fe092
0,,-1,13.0,5.0,473.0,,0.0,25.0,25.0,,0.0,,12.0,05db9164,8cc9c66e,4243ffb8,be4cb064,25c83c98,fbad5c96,87a59cd0,0b153874,a73ee510,3b08e48b,5f2b4051,d5833817,e5da6081,b28479f6,3bfd73d1,f2a191bd,776ce399,a6f5dd38,21ddcdc9,5840adea,5911ddcb,c9d4222a,be7c41b4,1335030a,e8b83407,60b444c5
0,0.0,0,3.0,2.0,15864.0,283.0,1.0,2.0,155.0,0.0,1.0,,2.0,68fd1e64,08d6d899,04f0a0fb,1bfb072a,25c83c98,13718bbd,744efce0,5b392875,a73ee510,c3e69838,7a3651f5,cd31013f,95bc260c,8ceecbc8,54747c3e,8295d26f,27c07bd6,38748bc3,,,5a8fe828,,32c7478e,f96a556f,,
0,,2,2.0,16.0,318738.0,,,0.0,,,,,22.0,8cf07265,d4e5ee28,e2bddedb,4644496c,25c83c98,fbad5c96,8025502e,0b153874,7cc72ec2,c90ae1ba,29e4ad33,b827eecf,80467802,07d13a8f,5d1e64c6,1443e3aa,1e88c74f,2b829a72,,,68771d70,,3a171ecb,8a3cfad4,,
0,0.0,0,2.0,1.0,11613.0,169.0,4.0,1.0,85.0,0.0,2.0,,1.0,5bfa8ab5,9819deea,d4753104,f922efad,30903e74,13718bbd,80f9f5dc,8bedcc53,a73ee510,f26b7f57,6944f67f,b99ddbc8,57d7b6a5,b28479f6,1150f5ed,87acb535,e5ba7672,7e32f7a4,,,a4b7004c,,32c7478e,b34f3128,,
0,0.0,18,15.0,9.0,4494.0,,0.0,9.0,8.0,0.0,0.0,,9.0,05db9164,2c16a946,0d427480,1b69e68d,25c83c98,7e0ccccf,ade953a9,0b153874,a73ee510,4072f40f,29e4ad33,6be9ae06,80467802,b28479f6,3628a186,acfad74a,07c540c4,e4ca448c,,,f973405d,,3a171ecb,9117a34a,,
0,,314,,0.0,33397.0,409.0,0.0,14.0,180.0,,0.0,,12.0,09ca0b81,d833535f,77f2f2e5,d16679b9,25c83c98,7e0ccccf,562725d7,0b153874,a73ee510,3b08e48b,e6d5171f,9f32b866,37847ed6,b28479f6,a733d362,31ca40b6,d4bb7bd8,281769c2,,,dfcfc3fa,,be7c41b4,aee52b6f,,
0,,1,5.0,4.0,2931.0,36.0,2.0,6.0,62.0,,1.0,,5.0,05db9164,791f3f76,d032c263,c18be181,384874ce,7e0ccccf,fe4dce68,0b153874,a73ee510,f5ec1909,68357db6,dfbb09fb,768f6658,b28479f6,bd352426,84898b2a,07c540c4,0f4a15b0,,,0014c32a,,3a171ecb,3b183c5c,,
0,,36,3.0,3.0,7588.0,94.0,2.0,3.0,303.0,,1.0,,3.0,68fd1e64,4c2bc594,d032c263,c18be181,25c83c98,7e0ccccf,124131fa,0b153874,a73ee510,28c6ef79,9ba53fcc,dfbb09fb,42156eb4,8ceecbc8,7ac43a46,84898b2a,e5ba7672,bc48b783,,,0014c32a,,3a171ecb,3b183c5c,,
0,0.0,3295,,0.0,4546.0,149.0,11.0,30.0,220.0,0.0,3.0,,2.0,05db9164,4c2bc594,d032c263,c18be181,25c83c98,7e0ccccf,7956c2ff,0b153874,a73ee510,44ac3250,4b0929e2,dfbb09fb,c0ed8bfc,8ceecbc8,7ac43a46,84898b2a,e5ba7672,bc48b783,,,0014c32a,c9d4222a,55dd3565,3b183c5c,,
0,0.0,0,6.0,13.0,1509.0,116.0,6.0,47.0,222.0,0.0,2.0,1.0,61.0,5bfa8ab5,b7ca2abd,ee96fc95,68ad052c,25c83c98,7e0ccccf,511a53a9,0b153874,a73ee510,ce3d495b,358a1187,ce875433,3966c8cd,64c94865,5f2d5a3a,5f92b84a,27c07bd6,4771e483,,,95b757a6,,3a171ecb,41be4766,,
1,10.0,478,6.0,9.0,7.0,0.0,56.0,6.0,110.0,1.0,5.0,,0.0,8cf07265,9e5ce894,50b68526,13508380,25c83c98,fbad5c96,b226f465,6c41e35e,a73ee510,3cba23a4,c6c91669,6f14d03c,b8a76289,07d13a8f,8cf98699,7c1d453d,e5ba7672,a5bb7b8a,1d1eb838,a458ea53,39c6c2a8,,423fab69,45ab94c8,ea9a246c,c84c4aec
0,6.0,0,7.0,1.0,138.0,11.0,6.0,5.0,5.0,2.0,2.0,,5.0,05db9164,8e4f887c,,,43b19349,7e0ccccf,7f2c5a6e,0b153874,a73ee510,9bb3a560,d21494f8,,f47f13e4,b28479f6,344bf25d,,d4bb7bd8,4b340164,,,,c9d4222a,32c7478e,,,
0,0.0,272,4.0,13.0,4305.0,534.0,1.0,34.0,342.0,0.0,1.0,,81.0,05db9164,4883e3bc,d032c263,c18be181,4cf72387,7e0ccccf,42cdd679,062b5529,a73ee510,8a99abc1,4352b29b,dfbb09fb,5f4de855,b28479f6,a85e7b5f,84898b2a,27c07bd6,a70ca30e,,,0014c32a,,bcdee96c,3b183c5c,,
0,3.0,1,1.0,1.0,349.0,1.0,16.0,1.0,1.0,1.0,4.0,0.0,1.0,05db9164,80e26c9b,47d2b0a5,f2e08e7d,25c83c98,fbad5c96,33cca6fa,1f89b562,a73ee510,fb999b75,683e14e9,6074c21f,2b9fb512,b28479f6,4c1df281,de319688,07c540c4,f54016b9,21ddcdc9,5840adea,f22a431d,,3a171ecb,1793a828,e8b83407,51751315
0,0.0,68,,5.0,1994.0,36.0,20.0,23.0,270.0,0.0,2.0,0.0,17.0,f473b8dc,86d4fccc,2c993e23,0aa96788,4cf72387,7e0ccccf,5e64ce5f,1f89b562,a73ee510,4e592255,8b94178b,14a72480,025225f2,b28479f6,837782ed,2b1b1104,8efede7f,e727949e,21ddcdc9,5840adea,55486e2e,,32c7478e,3b183c5c,001f3601,fb7edec8
1,82.0,-1,,,1022.0,0.0,137.0,4.0,21.0,1.0,3.0,,,8cf07265,efb7db0e,db44bc96,5b392af8,25c83c98,7e0ccccf,b72ec13d,37e4aa92,a73ee510,47bab3cc,3547565f,a7ee0769,12880350,b28479f6,5ab7247d,15469308,e5ba7672,a863ac26,,,31c11f6b,,bcdee96c,abe3a684,,
0,,832,,1.0,11908.0,134.0,5.0,37.0,152.0,,3.0,0.0,1.0,9684fd4d,4c2bc594,d032c263,c18be181,25c83c98,fbad5c96,26a81064,0b153874,a73ee510,dcbc7c2b,9e511730,dfbb09fb,04e4a7e0,8ceecbc8,7ac43a46,84898b2a,8efede7f,bc48b783,,,0014c32a,,55dd3565,3b183c5c,,
1,3.0,1697,3.0,1.0,27.0,0.0,4.0,45.0,144.0,2.0,3.0,,0.0,87552397,207b2d81,d52980aa,b66d15e3,4cf72387,6f6d9be8,283d5555,0b153874,a73ee510,3b08e48b,3d5fb018,b519c595,94172618,64c94865,11b2ae92,7c8ae841,e5ba7672,395856b0,21ddcdc9,b1252a9d,605305ee,,32c7478e,f090fae7,001f3601,cdc744c1
0,1.0,5,26.0,27.0,259.0,96.0,1.0,33.0,33.0,1.0,1.0,,28.0,8cf07265,08d6d899,7d0bcac6,afe92929,25c83c98,7e0ccccf,f4b9d7ad,0b153874,a73ee510,451bd4e4,c1ee56d0,97bcec27,ebd756bd,07d13a8f,41f10449,82f06a35,d4bb7bd8,698d1c68,,,08119c8b,,55dd3565,f96a556f,,
0,1.0,1,4.0,17.0,108.0,22.0,1.0,24.0,22.0,1.0,1.0,,22.0,05db9164,d833535f,77f2f2e5,d16679b9,4cf72387,7e0ccccf,def4a4d4,5b392875,a73ee510,0c70a731,4ba74619,9f32b866,879fa878,b28479f6,a66dcf27,31ca40b6,d4bb7bd8,7b49e3d2,,,dfcfc3fa,,423fab69,aee52b6f,,
0,3.0,1,7.0,8.0,5.0,8.0,17.0,7.0,64.0,1.0,6.0,,8.0,05db9164,80e26c9b,ba1947d0,85dd697c,25c83c98,7e0ccccf,052e75f4,0b153874,a73ee510,7636f6c8,b7bb7a17,34a238e0,73e186f6,1adce6ef,0f942372,da441c7e,e5ba7672,005c6740,21ddcdc9,5840adea,8717ea07,,32c7478e,1793a828,e8b83407,b9809574
0,1.0,2100,,2.0,626.0,29.0,1.0,30.0,45.0,1.0,1.0,,2.0,68fd1e64,8ab240be,fc1cad4b,40ed41e5,25c83c98,7e0ccccf,adbcc874,0b153874,a73ee510,fbbf2c95,46031dab,153ff04a,377af8aa,b28479f6,55ea1fa2,1bf03082,e5ba7672,ca533012,21ddcdc9,5840adea,84ec2c79,ad3062eb,32c7478e,a415643d,445bbe3b,99f4f64c
0,,90,,5.0,24.0,,0.0,5.0,5.0,,0.0,,5.0,05db9164,fe5f56f0,d032c263,c18be181,30903e74,13718bbd,962ea28e,0b153874,a73ee510,e949720a,f03a9de3,dfbb09fb,4e73e6f9,f862f261,c9349f4b,84898b2a,1e88c74f,020c927a,,,0014c32a,,55dd3565,3b183c5c,,
0,,1,2.0,2.0,,,,2.0,,,,,2.0,05db9164,38a947a1,238ebccd,0fe8b362,25c83c98,7e0ccccf,970f01b2,0b153874,7cc72ec2,3b08e48b,36bccca0,611460df,80467802,b28479f6,e8973e1f,86f33268,2005abd1,a30a2069,,,90ffdd27,,bcdee96c,435d5ea7,,
0,1.0,1,153.0,6.0,567.0,317.0,1.0,36.0,35.0,1.0,1.0,,23.0,05db9164,0468d672,77f2f2e5,d16679b9,25c83c98,7e0ccccf,fda682d3,66f29b89,a73ee510,fbbf2c95,cf0467b4,9f32b866,9ded12ab,1adce6ef,4f3b3616,31ca40b6,d4bb7bd8,9880032b,21ddcdc9,5840adea,dfcfc3fa,,3a171ecb,aee52b6f,ea9a246c,984e0db0
1,,1,4.0,2.0,2162.0,3.0,1.0,2.0,13.0,,1.0,,2.0,68fd1e64,d4be07ad,42b9aec4,2b14b0ab,25c83c98,6f6d9be8,5fbd9170,56563555,a73ee510,67cebf16,2bcfb78f,e2860595,e6fc496d,07d13a8f,1936a526,34d3c25f,e5ba7672,cbae5931,361d380e,a458ea53,621fd116,,32c7478e,b2f178a3,001f3601,938732a0
0,,260,8.0,0.0,30551.0,681.0,4.0,1.0,261.0,,0.0,,1.0,05db9164,9e5ce894,3f380c30,13508380,25c83c98,fbad5c96,f4ae27b8,5b392875,a73ee510,fba4e66d,e3205ff0,8b60bd4c,b688506c,07d13a8f,8cf98699,2e3b2e2c,e5ba7672,a5bb7b8a,5d097c5a,b1252a9d,d9739d37,c9d4222a,c7dc6720,45ab94c8,f0f449dd,c84c4aec
0,,0,5.0,0.0,30260.0,,,11.0,,,,,4.0,05db9164,52d631d9,d032c263,c18be181,25c83c98,7e0ccccf,417ee83b,0b153874,a73ee510,a60210d9,ddf72fe8,dfbb09fb,40f3111a,07d13a8f,f50033e5,84898b2a,e5ba7672,9943b99f,,,0014c32a,,32c7478e,3b183c5c,,
0,,19,32.0,0.0,1994.0,,0.0,19.0,26.0,,0.0,,3.0,be589b51,38d50e09,4724f2c8,8510f416,4cf72387,7e0ccccf,38eb9cf4,0b153874,a73ee510,2462946f,7f8ffe57,f6fe1d50,46f42a63,b28479f6,42b3012c,ad774107,1e88c74f,582152eb,21ddcdc9,5840adea,fbaf98df,,32c7478e,e773f0cb,001f3601,1b0ebd59
0,,1,23.0,3.0,72413.0,3607.0,0.0,4.0,44.0,,0.0,,3.0,68fd1e64,f0cf0024,74e1a23a,9a6888fb,25c83c98,fbad5c96,648eac94,0b153874,7cc72ec2,878f4678,144d9b96,fb8fab62,fb4bc60c,b28479f6,e6c5b5cd,c6b1e1b2,07c540c4,b04e4670,21ddcdc9,5840adea,99c09e97,,32c7478e,335a6a1e,ea9a246c,8d8eb391
0,,16,106.0,7.0,10182.0,,0.0,33.0,7.0,,0.0,,17.0,05db9164,08d6d899,a2edc244,60d5f5a7,384874ce,7e0ccccf,ca025a55,5b392875,a73ee510,3b08e48b,9002e6b7,bde06ba1,202a3015,07d13a8f,1a277242,b93ac0ad,776ce399,87c6f83c,,,bf8efd4c,,423fab69,f96a556f,,
0,,126,,2.0,69481.0,,0.0,4.0,7.0,,0.0,,2.0,05db9164,2ae0a573,c5d94b65,5cc8f91d,4cf72387,13718bbd,2db71de9,0b153874,7cc72ec2,3b08e48b,a0060bca,75c79158,22d23aac,ad1cc976,dd94570a,208d4baf,d4bb7bd8,3e340673,,,6a909d9a,,c3dc6cef,1f68c81f,,
0,,69,1.0,2.0,38285.0,,0.0,2.0,19.0,,0.0,,2.0,ff004ae3,637af2df,2d81b092,8b4b2ae7,25c83c98,7e0ccccf,356a3686,0b153874,a73ee510,3b08e48b,5d7dd95e,c5bb7300,bd031e78,1adce6ef,1068335d,2aca892d,07c540c4,69d8c303,,,920aaf2f,,423fab69,8bcb92ba,,
0,0.0,93,3.0,3.0,1385.0,10.0,11.0,10.0,128.0,0.0,4.0,0.0,3.0,05db9164,e9ac66c5,2e60d568,64e16465,0942e0a7,7e0ccccf,ec258437,37e4aa92,a73ee510,fbbf2c95,0d989d65,1e97d4b6,f948ca5d,07d13a8f,fc45bcbf,0834adb7,3486227d,e85b49c7,,,5954ee5c,,32c7478e,298010d7,,
0,0.0,1,7.0,0.0,3587.0,4.0,35.0,2.0,10.0,0.0,8.0,0.0,1.0,05db9164,404660bb,f1397040,09003f7b,25c83c98,7e0ccccf,1c86e0eb,c8ddd494,a73ee510,da87807c,755e4a50,0cdb9a18,5978055e,07d13a8f,633f1661,82708081,e5ba7672,4b17f8a2,21ddcdc9,5840adea,4c14738f,,32c7478e,a86c0565,f0f449dd,984e0db0
0,0.0,76,3.0,,5029.0,,,16.0,,0.0,,,,05db9164,421b43cd,889a923c,29998ed1,384874ce,fe6b92e5,52283d1c,37e4aa92,a73ee510,03e48276,e51ddf94,6aaba33c,3516f6e6,b28479f6,e1ac77f7,b041b04a,d4bb7bd8,2804effd,,,723b4dfd,,3a171ecb,b34f3128,,
0,,-1,,,43326.0,,0.0,14.0,26.0,,0.0,,,be589b51,4c2bc594,d032c263,c18be181,25c83c98,7e0ccccf,3d63f4e6,5b392875,a73ee510,61aa326b,af6a4ffc,dfbb09fb,2a1579a2,8ceecbc8,7ac43a46,84898b2a,e5ba7672,bc48b783,,,0014c32a,,3a171ecb,3b183c5c,,
1,16.0,2,3.0,2.0,1.0,1.0,242.0,25.0,1127.0,3.0,24.0,,1.0,05db9164,1cfdf714,0b0877c9,44937789,25c83c98,7e0ccccf,7195046d,f504a6f4,a73ee510,3d12126c,4d8549da,2d1d3a00,51b97b8f,1adce6ef,f3002fbd,ca101104,e5ba7672,e88ffc9d,5b885066,a458ea53,df0fc029,,bcdee96c,d1736fdc,e8b83407,8b3aeb32
0,0.0,0,0.0,8.0,1448.0,68.0,1.0,31.0,61.0,0.0,1.0,,8.0,05db9164,ae46a29d,e60e53ed,f922efad,25c83c98,fbad5c96,d0f8c04a,0b153874,a73ee510,b3d657b8,1be1371e,66a76a26,76b6f478,1adce6ef,c6a089a8,01adbab4,3486227d,e32bf683,,,21c9516a,c9d4222a,32c7478e,b34f3128,,
0,,1,2.0,1.0,27504.0,4.0,2.0,1.0,3.0,,1.0,,1.0,05db9164,38a947a1,ba4559ea,33a72095,25c83c98,fbad5c96,3e6ff6cf,0b153874,a73ee510,8f3412f1,d70e2491,ebfb225c,2b9f0754,b28479f6,8448c831,a9dcda12,07c540c4,9efc6015,,,76ef8858,,32c7478e,135c8b41,,
1,,-1,,,3123.0,22.0,48.0,0.0,32.0,,5.0,1.0,,68fd1e64,38a947a1,6aa3e730,6a14f9b9,25c83c98,fe6b92e5,1bd5e279,0b153874,a73ee510,3b08e48b,b7bb9e4d,558688d0,c2d489b5,07d13a8f,04318a63,f8b34416,27c07bd6,e5f8f18f,,,f3ddd519,,32c7478e,b34f3128,,
1,1.0,5,33.0,6.0,375.0,74.0,3.0,46.0,258.0,1.0,2.0,,68.0,05db9164,bce95927,71da6210,13508380,25c83c98,7e0ccccf,86aa3994,0b153874,a73ee510,39cda501,61593534,944ea880,9259d03d,07d13a8f,fec218c0,a13376db,e5ba7672,04d863d5,54e53a39,b1252a9d,f1e1f2b3,,423fab69,45ab94c8,e8b83407,c84c4aec
1,0.0,3,4.0,4.0,1922.0,23.0,48.0,5.0,159.0,0.0,8.0,0.0,4.0,05db9164,558b4efb,b009d929,c7043c4b,30903e74,7e0ccccf,fed3cb1d,6c41e35e,a73ee510,7f314591,b7094596,3563ab62,1f9d2c38,64c94865,2cd24ac0,b688c8cc,3486227d,c68ebaa0,21ddcdc9,5840adea,2754aaf1,,c7dc6720,3b183c5c,ea9a246c,9973f80f
0,5.0,48,1.0,35.0,571.0,68.0,6.0,13.0,277.0,1.0,2.0,0.0,38.0,05db9164,9e5ce894,cff1fe84,13508380,25c83c98,7e0ccccf,81f7f73c,0b153874,a73ee510,8aa1b7d2,6263d404,6ac5bc4b,aa1eb12e,07d13a8f,8cf98699,6206597d,e5ba7672,a5bb7b8a,55dd3565,b1252a9d,5a345791,,c7dc6720,45ab94c8,ea9a246c,c84c4aec
0,1.0,150,5.0,16.0,24.0,18.0,1.0,15.0,16.0,1.0,1.0,,16.0,75ac2fe6,0468d672,145f2f75,82a61820,4cf72387,7e0ccccf,7d48c0ae,0b153874,a73ee510,2d3d7f00,5874c9c9,7161e106,740c210d,1adce6ef,4f3b3616,bb6d240e,d4bb7bd8,9880032b,21ddcdc9,5840adea,5fe17899,,55dd3565,cafb4e4d,ea9a246c,99f4f64c
0,4.0,0,2.0,0.0,4.0,0.0,9.0,1.0,244.0,1.0,4.0,,0.0,05db9164,4f25e98b,3f7770a6,838c703b,25c83c98,13718bbd,4a6c02fb,0b153874,a73ee510,3b08e48b,0cb221d0,1b7be6c5,ea18ebd8,b28479f6,8ab5b746,7e5051a6,e5ba7672,7ef5affa,a4038074,a458ea53,4172790f,,bcdee96c,f11e1934,001f3601,5a238e2d
0,,0,1.0,,4717.0,26.0,2.0,23.0,26.0,,1.0,,,5a9ed9b0,2705da39,47067d41,66265d86,25c83c98,,8ea060ec,0b153874,a73ee510,e77da105,8f68a279,e3e6582c,7eb73375,07d13a8f,74056b5a,be1e450d,07c540c4,66c3058a,,,a645a590,,32c7478e,043ce596,,
0,0.0,1,5.0,53.0,2934.0,210.0,7.0,1.0,379.0,0.0,1.0,1.0,62.0,05db9164,38a947a1,,,4cf72387,7e0ccccf,4b219154,0b153874,a73ee510,8a176218,f25fe7e9,,dd183b4c,07d13a8f,a1e267e4,,8efede7f,b6c7c5c3,,,,,c7dc6720,,,
0,,14,28.0,14.0,26324.0,39.0,3.0,21.0,32.0,,1.0,,14.0,ae82ea21,4c2bc594,d032c263,c18be181,25c83c98,fe6b92e5,869243b9,5b392875,a73ee510,3b08e48b,6a77517a,dfbb09fb,e0230d57,1adce6ef,ae0c3875,84898b2a,27c07bd6,15a36060,,,0014c32a,,3a171ecb,3b183c5c,,
0,,4,6.0,2.0,9205.0,64.0,26.0,6.0,242.0,,5.0,0.0,2.0,b455c6d7,bce95927,edde3156,13508380,4cf72387,7e0ccccf,2903ead3,0b153874,a73ee510,13af20e5,a0a5e9d7,8cfb7a5a,ee79db7b,07d13a8f,fec218c0,cc19f667,27c07bd6,04d863d5,55dd3565,b1252a9d,3535ae60,,423fab69,45ab94c8,e8b83407,c84c4aec
0,,-1,,,1835.0,299.0,1.0,0.0,23.0,,0.0,,,68fd1e64,efb7db0e,db44bc96,5b392af8,43b19349,7e0ccccf,73afe74f,0b153874,a73ee510,5162b19c,2d9eed4d,a7ee0769,949ea585,b28479f6,5ab7247d,15469308,d4bb7bd8,a863ac26,,,31c11f6b,,3a171ecb,abe3a684,,
0,1.0,123,5.0,10.0,177.0,14.0,4.0,7.0,397.0,1.0,4.0,0.0,13.0,05db9164,848d7b04,da2aaf8a,56e826a2,25c83c98,7e0ccccf,d9af66f6,0b153874,a73ee510,d37a911d,d5a66f22,130cc5ab,7f3c5570,b28479f6,0225b44f,8a464d08,3486227d,b567f2ed,,,a5c7e5b8,,32c7478e,33b7b07b,,
0,0.0,18,,,1530.0,55.0,25.0,0.0,37.0,0.0,1.0,,,68fd1e64,4f25e98b,c6cc2722,35f06b21,25c83c98,7e0ccccf,0c41b6a1,0b153874,a73ee510,e5edcbd4,4ba74619,5a201a4b,879fa878,64c94865,d5690a93,35b57962,e5ba7672,bc5a0ff7,1d1eb838,a458ea53,0d0170a9,,423fab69,165b5acf,001f3601,e6476996
0,,1821,6.0,0.0,130256.0,556.0,0.0,6.0,121.0,,0.0,,1.0,9a89b36c,1cfdf714,6c3d007d,13508380,25c83c98,fbad5c96,de0abb66,0b153874,7cc72ec2,28daff0d,1054ae5c,94b64b83,d7ce3abd,07d13a8f,e439dd9b,2b93d077,27c07bd6,9df49ecd,21ddcdc9,b1252a9d,e288b1ab,,c7dc6720,45ab94c8,cb079c2d,c84c4aec
0,0.0,2,10.0,7.0,1565.0,145.0,101.0,15.0,270.0,0.0,15.0,0.0,7.0,17f69355,287130e0,7cef88d3,4cbdb91b,25c83c98,,63985851,0b153874,a73ee510,01a07fd7,5874c9c9,a5478d97,740c210d,07d13a8f,10040656,525b107b,8efede7f,891589e7,9437f62f,b1252a9d,e88e0884,,423fab69,6b4edae7,46fbac64,8379ffe4
0,0.0,179,24.0,12.0,6291.0,200.0,1.0,31.0,31.0,0.0,1.0,,15.0,05db9164,083aa75b,,,b706ee81,fbad5c96,76b637bb,0b153874,a73ee510,3b08e48b,6872a82d,,b55434a9,07d13a8f,bf020cef,,07c540c4,06747363,21ddcdc9,b1252a9d,,,be7c41b4,,e8b83407,3aea8740
0,,30,,3.0,4383.0,105.0,1.0,13.0,28.0,,1.0,,3.0,68fd1e64,dd8c896e,bd4e74d1,13508380,25c83c98,fbad5c96,18671b18,6c41e35e,a73ee510,e1a31219,77212bd7,f4c65e70,7203f04e,07d13a8f,95275a51,542dec1e,3486227d,3182300e,21ddcdc9,b1252a9d,f7684c6a,,c7dc6720,45ab94c8,010f6491,c84c4aec
0,0.0,58,12.0,9.0,3623.0,463.0,1.0,34.0,338.0,0.0,1.0,,14.0,9a89b36c,0b8e9caf,9cecf095,5974d6bc,25c83c98,fbad5c96,4feec62c,5b392875,a73ee510,3b08e48b,37fba4a7,9b1932ee,0fd466ce,b28479f6,5340cb84,1ab2aab4,07c540c4,ca6a63cf,,,8db61391,ad3062eb,bcdee96c,08b0ce98,,
0,,181,4.0,4.0,,,0.0,5.0,15.0,,0.0,,4.0,5a9ed9b0,38a947a1,223b0e16,ca55061c,25c83c98,7e0ccccf,e7698644,5b392875,7cc72ec2,3b08e48b,f9d0f35e,156f99ef,b55434a9,1adce6ef,0e78291e,5fbf4a84,2005abd1,1999bae9,,,deb9605d,,be7c41b4,e448275f,,
0,14.0,7,,24.0,38.0,25.0,119.0,47.0,1193.0,2.0,12.0,2.0,23.0,287e684f,5b7b33dc,d88496ea,66ca6f9c,4cf72387,fe6b92e5,1faa5ca1,0b153874,a73ee510,aed3d80e,1aa6cf31,a8ab776a,3b03d76e,64c94865,5a9e81d6,949b03ad,8efede7f,3cbc29b4,,,95f07388,,423fab69,a9a2ac1a,,
0,,-1,,,18760.0,184.0,14.0,1.0,82.0,,2.0,,,05db9164,38a947a1,4ed1f100,6a14f9b9,25c83c98,fbad5c96,1919941b,0b153874,a73ee510,6c47047a,5fb649d8,5d1c51b6,2ecea536,07d13a8f,586a2aab,f8b34416,27c07bd6,e5f8f18f,,,f3ddd519,,3a171ecb,b34f3128,,
0,,9,34.0,9.0,6082.0,50.0,3.0,9.0,37.0,,1.0,,9.0,be589b51,4f25e98b,dd6328e4,eac732ed,43b19349,13718bbd,df5c2d18,0b153874,a73ee510,26fa334d,a7b606c4,17acd1cd,eae197fd,b28479f6,8ab5b746,3582edaa,e5ba7672,7ef5affa,0053530c,a458ea53,1c345ce6,,3a171ecb,c6e449c2,001f3601,68294079
1,,-1,,,6397.0,51.0,1.0,13.0,49.0,,1.0,,,05db9164,38a947a1,f6a8eaae,fcc6bd3d,25c83c98,,6cdb3998,0b153874,a73ee510,3ff10fb2,5874c9c9,90249d87,740c210d,b28479f6,a723edcb,f744d55b,d4bb7bd8,0c1cbf43,,,c703f560,,32c7478e,b258af68,,
1,0.0,-1,,,1985.0,43.0,8.0,4.0,152.0,0.0,3.0,,,5a9ed9b0,26a88120,c0788a71,82a61820,25c83c98,7e0ccccf,49b74ebc,0b153874,a73ee510,726f00fd,c4adf918,3f8aec46,85dbe138,1adce6ef,9009bc6a,5306324f,e5ba7672,b486119d,,,0586873f,,32c7478e,cafb4e4d,,
0,0.0,1,51.0,11.0,20692.0,1645.0,3.0,21.0,1580.0,0.0,1.0,,11.0,87552397,09e68b86,d3b321f6,0327824a,4cf72387,7e0ccccf,197b4575,51d76abe,a73ee510,6c47047a,24f22538,6f697ab7,e40e52ae,07d13a8f,36721ddc,e7287ff1,8efede7f,5aed7436,21ddcdc9,a458ea53,86dec00a,,3a171ecb,c62cc6c2,e8b83407,33358f02
1,9.0,1,2.0,,1006.0,50.0,25.0,0.0,168.0,1.0,6.0,,,05db9164,e77e5e6e,9c48e8ce,1fc0062e,25c83c98,7e0ccccf,9fc5abd8,0b153874,a73ee510,a5f22153,8b92652b,f5a663b4,c5bc951e,07d13a8f,2eb18840,619526be,e5ba7672,449d6705,7d7d0ad4,b1252a9d,1f9e1e30,,c7dc6720,f1dd75f2,001f3601,f2e315d1
0,0.0,241,3.0,10.0,1504.0,192.0,41.0,47.0,1552.0,0.0,10.0,0.0,10.0,05db9164,287130e0,f83ecdc9,62eb6103,25c83c98,7e0ccccf,63985851,5b392875,a73ee510,b173a655,5874c9c9,b1d98276,740c210d,b28479f6,9efd8b77,d877b52a,27c07bd6,891589e7,9437f62f,5840adea,983bc45e,,bcdee96c,7ece4b06,e8b83407,6eefd8e9
0,2.0,2649,,1.0,319.0,9.0,3.0,23.0,27.0,2.0,3.0,,1.0,68fd1e64,4c2bc594,d032c263,c18be181,25c83c98,fe6b92e5,e56a4862,0b153874,a73ee510,3b08e48b,5e183c58,dfbb09fb,1eb0f8f0,8ceecbc8,7ac43a46,84898b2a,07c540c4,bc48b783,,,0014c32a,c9d4222a,55dd3565,3b183c5c,,
1,31.0,6,62.0,87.0,53.0,73.0,68.0,33.0,1551.0,1.0,5.0,0.0,66.0,05db9164,08d6d899,43ad6a52,b373ad8c,4cf72387,7e0ccccf,30787e1b,0b153874,a73ee510,2f5d18f0,50df38c2,4c6ddb1a,921cb1a9,07d13a8f,41f10449,7292beb4,8efede7f,698d1c68,,,c9af3868,,423fab69,f96a556f,,
0,1.0,0,,9.0,27.0,9.0,1.0,10.0,9.0,1.0,1.0,,9.0,68fd1e64,d833535f,77f2f2e5,d16679b9,384874ce,fe6b92e5,52283d1c,0b153874,a73ee510,299aecf1,e51ddf94,9f32b866,3516f6e6,b28479f6,a66dcf27,31ca40b6,d4bb7bd8,7b49e3d2,,,dfcfc3fa,,3a171ecb,aee52b6f,,
0,,25,1.0,,17330.0,62.0,1.0,3.0,76.0,,1.0,,,05db9164,bce95927,f69c6d34,13508380,384874ce,fe6b92e5,4c5c7066,0b153874,a73ee510,d077d4d4,8924112e,0fd301b6,3cf672d1,07d13a8f,fec218c0,5c495dbe,07c540c4,04d863d5,21ddcdc9,b1252a9d,a3a82059,78e2e389,423fab69,45ab94c8,e8b83407,c84c4aec
1,0.0,190,,,1324.0,70.0,1.0,0.0,0.0,0.0,1.0,,,05db9164,9e5ce894,db0d6287,13508380,25c83c98,7e0ccccf,03dda6cf,0b153874,a73ee510,3fb38a44,3289d3e1,c02ca3bf,5a777c73,07d13a8f,8cf98699,597a9302,e5ba7672,a5bb7b8a,55dd3565,b1252a9d,b27ce0a9,,423fab69,45ab94c8,ea9a246c,c84c4aec
0,,1350,,,4832.0,,0.0,18.0,31.0,,0.0,3.0,,be589b51,4c2bc594,d032c263,c18be181,b2241560,fe6b92e5,ee3a97b2,0b153874,a73ee510,3d5245c7,ab06ce90,dfbb09fb,e6d6213e,8ceecbc8,7ac43a46,84898b2a,27c07bd6,bc48b783,,,0014c32a,,55dd3565,3b183c5c,,
0,0.0,0,2.0,10.0,1536.0,46.0,1.0,18.0,28.0,0.0,1.0,0.0,10.0,8cf07265,a796837e,08de7b18,97ce69e9,25c83c98,fbad5c96,2d7ba5c7,0b153874,a73ee510,907110ab,e52152c0,c5011072,e2824235,cfef1c29,98eddd86,5a9431f3,3486227d,e90118d1,,,e754c5e1,,bcdee96c,8fc66e78,,
0,,78,1.0,,7570.0,,0.0,0.0,16.0,,0.0,,,05db9164,558b4efb,b009d929,c7043c4b,25c83c98,fbad5c96,439821b4,0b153874,a73ee510,e202b934,bce0c45c,3563ab62,02254f5f,1adce6ef,37a9f717,b688c8cc,e5ba7672,c68ebaa0,21ddcdc9,5840adea,2754aaf1,c9d4222a,423fab69,3b183c5c,ea9a246c,ff86d5e0
1,0.0,0,3.0,3.0,5993.0,502.0,11.0,4.0,549.0,0.0,3.0,,3.0,68fd1e64,9819deea,5c13721f,f922efad,25c83c98,fe6b92e5,d385ea68,56563555,a73ee510,3b08e48b,7940fc2a,b99ddbc8,00e20e7b,b28479f6,1150f5ed,87acb535,e5ba7672,7e32f7a4,,,a4b7004c,,32c7478e,b34f3128,,
1,,54,4.0,10.0,2214.0,25.0,23.0,13.0,98.0,,4.0,0.0,10.0,68fd1e64,38a947a1,,,25c83c98,7e0ccccf,665f37b8,0b153874,a73ee510,3b08e48b,23feec22,,9de8c1aa,07d13a8f,dabed845,,e5ba7672,7e2d7802,,,,c9d4222a,32c7478e,,,
0,1.0,190,,,1166.0,4.0,14.0,4.0,64.0,0.0,5.0,,,f473b8dc,9a82ab91,d032c263,c18be181,384874ce,7e0ccccf,9f525672,5b392875,a73ee510,643b1ea5,843d8639,dfbb09fb,9cab1003,1adce6ef,83d11398,84898b2a,e5ba7672,004fdf10,,,0014c32a,,423fab69,3b183c5c,,
1,2.0,30,27.0,2.0,0.0,0.0,2.0,2.0,2.0,1.0,1.0,,0.0,05db9164,c1384774,d4bef5d2,ebc3fea2,25c83c98,fbad5c96,81bb0302,0b153874,a73ee510,70962768,b7094596,e52ba8a9,1f9d2c38,b28479f6,916e9a2c,0982799e,07c540c4,8e8b535e,21ddcdc9,b1252a9d,11da5050,ad3062eb,32c7478e,9d214089,ea9a246c,5d3f5a67
0,,0,,0.0,40698.0,963.0,0.0,2.0,23.0,,0.0,,2.0,05db9164,d833535f,ad4b77ff,d16679b9,25c83c98,7e0ccccf,41e6f3d3,0b153874,a73ee510,8c6b20b6,30b2a438,a2f4e8b5,aebdb575,07d13a8f,943169c2,89052618,d4bb7bd8,281769c2,,,d4703ebd,,32c7478e,aee52b6f,,
0,0.0,0,3.0,4.0,4520.0,158.0,28.0,23.0,639.0,0.0,5.0,0.0,6.0,68fd1e64,b46aceb6,7fc6b941,8a8d0597,43b19349,fe6b92e5,4d90c4ed,6c41e35e,a73ee510,9fdec37f,d6194705,48152697,654099a3,07d13a8f,6afa614f,b9660ab7,3486227d,a4667218,,,77e124f1,c9d4222a,55dd3565,38be899f,,
0,,19,31.0,8.0,7130.0,126.0,1.0,20.0,116.0,,1.0,,8.0,05db9164,39dfaa0d,8f9df49c,c0c8ad07,25c83c98,,753aa291,1f89b562,a73ee510,3b08e48b,d20ffd8f,dab8680a,6619af2b,b28479f6,2223bbe1,ceda4ce2,776ce399,df4fffb7,21ddcdc9,5840adea,09f172ad,,3a171ecb,c8a524a7,010f6491,4e7af834
0,,508,6.0,6.0,14166.0,37.0,1.0,6.0,63.0,,1.0,,6.0,5ebc3192,09e68b86,4655607d,9d31eb6b,384874ce,7e0ccccf,5e0c5a8e,0b153874,a73ee510,afef695d,d83caed6,6cc4fcb2,d5aaf8c3,1adce6ef,dbc5e126,28fa6301,e5ba7672,5aed7436,3a52a22f,a458ea53,059d6830,,423fab69,54761a25,ea9a246c,8e3c920c
0,,0,31.0,2.0,41016.0,,0.0,9.0,17.0,,0.0,,8.0,05db9164,38a947a1,,,25c83c98,3bf701e7,49042125,062b5529,7cc72ec2,4624c4e8,ba1ff80a,,b95f83fa,b28479f6,0cfbc5df,,1e88c74f,be457d6e,,,,,bcdee96c,,,
0,,8,,2.0,30617.0,,0.0,5.0,40.0,,0.0,,2.0,05db9164,d833535f,77f2f2e5,d16679b9,4cf72387,7e0ccccf,ba000501,1f89b562,a73ee510,9b83013e,60adb56e,9f32b866,53b60829,07d13a8f,943169c2,31ca40b6,d4bb7bd8,281769c2,,,dfcfc3fa,,3a171ecb,aee52b6f,,
0,4.0,0,128.0,42.0,7.0,44.0,4.0,44.0,42.0,1.0,1.0,2.0,42.0,be589b51,4f25e98b,184635e7,1fd32458,25c83c98,7e0ccccf,1f4c9380,0b153874,a73ee510,0ada1061,f2a195a2,d9a2039a,519f294e,1adce6ef,fb2772ea,3b6bb4ca,27c07bd6,bc5a0ff7,083e89d9,a458ea53,ac3aac58,c9d4222a,32c7478e,8e183052,001f3601,b4aa4b3d
0,,2,,3.0,1602.0,8.0,1.0,3.0,8.0,,1.0,,3.0,05db9164,6887a43c,2f191e53,10698b65,25c83c98,fbad5c96,560a6f3a,0b153874,a73ee510,994730d3,974aaa98,56e97a1b,7889204d,07d13a8f,a90e5e79,b7053962,d4bb7bd8,2ae4f30d,21ddcdc9,b1252a9d,4c8dd4d4,,32c7478e,f31752db,445bbe3b,216ef4df
1,0.0,0,1.0,9.0,1582.0,47.0,3.0,2.0,86.0,0.0,2.0,,9.0,05db9164,942f9a8d,49176f10,0ec5f1d2,4cf72387,7e0ccccf,49b74ebc,37e4aa92,a73ee510,726f00fd,c4adf918,7d7224b0,85dbe138,07d13a8f,a8e962af,9935352e,07c540c4,1f868fdd,2b558521,b1252a9d,e3e14962,,32c7478e,20269423,9d93af03,7beef9a3
0,29.0,0,,7.0,1.0,0.0,825.0,15.0,1208.0,2.0,23.0,,0.0,05db9164,59ab477c,7f2269e7,9432f5f9,25c83c98,7e0ccccf,ec1a1856,64523cfa,a73ee510,8ce94bed,a04e019f,dae6c42e,07a906b4,07d13a8f,9c25c3f3,9d58051d,e5ba7672,74fc71da,21ddcdc9,5840adea,8d36212c,,dbb486d7,ac88b354,47907db5,99f4f64c
0,,164,7.0,2.0,10118.0,259.0,20.0,11.0,256.0,,5.0,0.0,30.0,39af2607,26a88120,b00d1501,d16679b9,25c83c98,fbad5c96,49b74ebc,1f89b562,a73ee510,7f79890b,c4adf918,e0d76380,85dbe138,b28479f6,2ebbf26a,1203a270,e5ba7672,b486119d,,,73d06dde,,32c7478e,aee52b6f,,
0,,3,1.0,7.0,41247.0,,0.0,9.0,279.0,,0.0,,9.0,05db9164,beea1002,d032c263,c18be181,25c83c98,7e0ccccf,ae0815e6,0b153874,a73ee510,3b08e48b,cc665c85,dfbb09fb,4dc59597,b28479f6,c27f6c76,84898b2a,776ce399,8b61249a,,,0014c32a,,be7c41b4,3b183c5c,,
1,6.0,110,3.0,2.0,1.0,0.0,10.0,2.0,101.0,1.0,3.0,0.0,0.0,87552397,58e67aaf,6d779f20,42f176ba,25c83c98,,23cbab1b,5b392875,a73ee510,a94bcc2b,383e77c6,be0b2941,cce745f5,1adce6ef,d002b6d9,90dd5213,e5ba7672,c21c3e4c,f08320ef,b1252a9d,ddfc583d,,32c7478e,8908ecb7,9b3e8820,48312058
1,2.0,1,13.0,6.0,56.0,6.0,5.0,4.0,15.0,1.0,2.0,,6.0,5a9ed9b0,9b25e48b,1b9ae521,86b979e3,25c83c98,fbad5c96,d04aedc8,1f89b562,a73ee510,3b08e48b,229db8f5,60c1c22d,98e78e7a,cfef1c29,e7dfec07,8a9d01a2,e5ba7672,7d8c03aa,712d530c,a458ea53,f4573ffa,,32c7478e,3a1db469,ea9a246c,ec7ea625
0,,0,2.0,19.0,87174.0,4638.0,0.0,5.0,1189.0,,0.0,,29.0,05db9164,38a947a1,b97d785f,98b100e5,25c83c98,7e0ccccf,a207ddc0,5b392875,7cc72ec2,3b08e48b,f87e56ab,b9898409,0eca41f0,b28479f6,2406b2d9,ef734ec3,07c540c4,adad417c,,,376f7f0d,,3a171ecb,874db5d2,,
1,20.0,0,1.0,0.0,51.0,1.0,20.0,1.0,1.0,1.0,1.0,3.0,1.0,8cf07265,5dac953d,d032c263,c18be181,25c83c98,fbad5c96,659ee50d,1f89b562,a73ee510,7a2cdcab,7622c80f,dfbb09fb,5b56b1f0,07d13a8f,610165b2,84898b2a,27c07bd6,28ebd359,,,0014c32a,ad3062eb,3a171ecb,3b183c5c,,
1,2.0,17,,0.0,24.0,0.0,2.0,0.0,0.0,1.0,1.0,0.0,0.0,05db9164,e112a9de,0849ed82,adef24d7,25c83c98,fbad5c96,b5f54d53,5b392875,a73ee510,1131d3d8,f117ca64,965d78b2,32720067,b28479f6,912970ed,226ab290,07c540c4,f190d96a,,,fa616d46,,3a171ecb,8ca3a6b7,,
0,10.0,182,35.0,33.0,0.0,0.0,15.0,37.0,46.0,1.0,4.0,0.0,0.0,05db9164,421b43cd,a5b8fe05,29998ed1,43b19349,fbad5c96,cee47266,1f89b562,a73ee510,14781fa9,87fe3e10,6aaba33c,3bd6c21d,b28479f6,e1ac77f7,b041b04a,e5ba7672,2804effd,,,723b4dfd,ad3062eb,3a171ecb,b34f3128,,
0,,2242,13.0,7.0,11786.0,63.0,29.0,13.0,87.0,,1.0,,13.0,be589b51,4c2bc594,d032c263,c18be181,25c83c98,7e0ccccf,7227c706,1f89b562,a73ee510,305a0646,9625b211,dfbb09fb,dccbd94b,8ceecbc8,7ac43a46,84898b2a,e5ba7672,bc48b783,,,0014c32a,ad3062eb,55dd3565,3b183c5c,,
0,0.0,158,,0.0,29815.0,,0.0,3.0,63.0,0.0,0.0,0.0,55.0,05db9164,4c2bc594,d032c263,c18be181,25c83c98,7e0ccccf,f5385f9a,062b5529,a73ee510,852273ac,5adcba72,dfbb09fb,5b6ee19d,8ceecbc8,7ac43a46,84898b2a,3486227d,bc48b783,,,0014c32a,,3a171ecb,3b183c5c,,
0,0.0,51,1.0,1.0,9934.0,,0.0,1.0,1.0,0.0,0.0,0.0,1.0,05db9164,2705da39,ac8b758d,8bcf4b56,25c83c98,fbad5c96,9e13c42a,0b153874,a73ee510,3b08e48b,e40ee698,72f60df3,cfe11615,07d13a8f,d582d840,68296cdd,07c540c4,66c3058a,,,f8fef6a5,ad3062eb,32c7478e,043ce596,,
0,,2,51.0,12.0,6593.0,104.0,13.0,10.0,92.0,,4.0,,12.0,05db9164,09e68b86,1833da64,9214a1c7,4cf72387,7e0ccccf,e4cff53d,0b153874,a73ee510,bad0adec,070f2ece,47a2a595,b558cfc7,1adce6ef,2223bcd1,8ead029f,e5ba7672,479030a6,7839a083,5840adea,dcf2ba9c,c9d4222a,32c7478e,41be4766,e8b83407,d8a062c4
0,0.0,60,,6.0,3682.0,43.0,5.0,5.0,61.0,0.0,2.0,0.0,6.0,05db9164,26a88120,b00d1501,d16679b9,25c83c98,7e0ccccf,3f4ec687,37e4aa92,a73ee510,7f79890b,c4adf918,e0d76380,85dbe138,b28479f6,2ebbf26a,1203a270,3486227d,b486119d,,,73d06dde,,32c7478e,aee52b6f,,
0,12.0,10,3.0,1.0,60.0,8.0,12.0,13.0,13.0,1.0,1.0,,3.0,b455c6d7,38a947a1,8962afa9,28625509,25c83c98,7e0ccccf,c6ad90de,5b392875,a73ee510,6a69ea7f,371dae82,662d25fe,18fc2b1e,07d13a8f,022e018a,2dd4e74f,e5ba7672,f5508183,,,c5cea7f6,,32c7478e,38255568,,
0,,28,8.0,1.0,3015.0,,0.0,1.0,4.0,,0.0,,1.0,05db9164,80e26c9b,ce44ec37,4e81cc05,25c83c98,7e0ccccf,16401b7d,0b153874,a73ee510,3b08e48b,20ec800a,7a97a313,18a5e4b8,b28479f6,4c1df281,20e899d2,776ce399,f54016b9,21ddcdc9,5840adea,63bba41a,,3a171ecb,7e862c7d,e8b83407,8ebfb2ce
0,,11,56.0,8.0,43109.0,,,33.0,,,,,15.0,241546e0,08d6d899,85481426,6fad4c40,25c83c98,7e0ccccf,511c5ce8,0b153874,a73ee510,3b08e48b,28b2a54d,a3c23ad1,c08ec9d3,b28479f6,bfef54b3,3704b755,1e88c74f,87c6f83c,,,fce0707d,,3a171ecb,eb8b03b7,,
0,,1,1.0,,14780.0,80.0,1.0,1.0,14.0,,1.0,,,05db9164,4f25e98b,71f00ff4,7775ae9a,a9411994,,44fb02c7,5b392875,a73ee510,d108fc83,2386466b,c60138d9,45db6793,07d13a8f,5be89da3,3b82d2a6,d4bb7bd8,bc5a0ff7,6f3756eb,a458ea53,3c482138,,32c7478e,75b08a3d,e8b83407,22a3ad95
0,,495,,,,,,5.0,,,,,,68fd1e64,38a947a1,274507c6,0d8c5f24,43b19349,7e0ccccf,ce8217f8,0b153874,7cc72ec2,3b08e48b,9d12ce9b,54cb84ab,9dfda2b9,b28479f6,c39914bd,355e0fc0,2005abd1,c9bfd921,,,9fd12735,,be7c41b4,5a816fcd,,
0,,1,181.0,9.0,897.0,,0.0,26.0,26.0,,0.0,,10.0,05db9164,e5fb1af3,722201e2,41ddee28,25c83c98,fbad5c96,1e9876db,0b153874,a73ee510,fa7d0797,043725ae,94a8c293,7f0d7407,cfef1c29,1e744fde,568b7a56,1e88c74f,13145934,5b885066,a458ea53,4d5231d9,,3a171ecb,e930a9c0,46fbac64,5a7c3d44
0,6.0,0,29.0,41.0,14.0,41.0,6.0,37.0,41.0,1.0,1.0,,41.0,8cf07265,207b2d81,239b957d,d50f8f77,25c83c98,,029d716d,37e4aa92,a73ee510,e9f37f7e,f2a5d7d2,ae9cdcd4,a3b89afc,07d13a8f,f3c64936,85520cc5,e5ba7672,f724634a,21ddcdc9,a458ea53,85cc3ff1,,3a171ecb,610a186d,001f3601,13843d40
0,2.0,0,1.0,,188.0,0.0,2.0,0.0,0.0,1.0,1.0,,,05db9164,e5fb1af3,3783c552,2a85afd5,25c83c98,7e0ccccf,b3f805c6,0b153874,a73ee510,5800b548,e7c8dd10,eb7c98b2,e581365b,07d13a8f,b5de5956,b61d52ea,1e88c74f,13145934,6f3756eb,b1252a9d,5c80a95d,,3a171ecb,3f770886,724b04da,c0a5516f
1,,-1,0.0,,,,,0.0,,,,,,68fd1e64,38a947a1,e3818eb2,a4456f7e,4cf72387,fbad5c96,88002ee1,5b392875,7cc72ec2,3b08e48b,f1b78ab4,3bec5d45,6e5da64f,b28479f6,f189ac4e,72d1790f,2005abd1,f03e8b05,,,950d91c1,,32c7478e,2f7e98de,,
0,,-1,,,13396.0,97.0,4.0,0.0,50.0,,1.0,,,05db9164,cbac4677,76be4d56,39efd1a9,25c83c98,fbad5c96,e58b54c1,37e4aa92,a73ee510,dd5238b4,e93fcc6d,11226027,5fcd3498,07d13a8f,e0cb89f2,92e5ee42,3486227d,5ce4203e,,,37987949,,32c7478e,a4b9e88f,,
0,,-1,2.0,,4334.0,,0.0,0.0,195.0,,0.0,,,05db9164,08d6d899,9143c832,f56b7dd5,25c83c98,7e0ccccf,315c76f3,0b153874,a73ee510,3b08e48b,e51ddf94,ae1bb660,3516f6e6,b28479f6,bffbd637,bad5ee18,776ce399,bbf70d82,,,0429f84b,,3a171ecb,c0d61a5c,,
0,0.0,776,,1.0,2995.0,10.0,1.0,1.0,5.0,0.0,1.0,,1.0,05db9164,38a947a1,e058fc3c,2192038e,25c83c98,fe6b92e5,38eb9cf4,1f89b562,a73ee510,4ce8f99f,7f8ffe57,f7cbe917,46f42a63,b28479f6,1545f0d7,0c6b4ad6,d4bb7bd8,4427594e,,,f6e3bd9c,,32c7478e,9e07eb4a,,
1,,-1,,,9740.0,109.0,17.0,0.0,10.0,,5.0,,,05db9164,38a947a1,1c8bc12d,bb729a93,25c83c98,fbad5c96,0433a7db,5b392875,a73ee510,3b08e48b,418037d7,8f4497cb,b0bfed6d,07d13a8f,ff4a3566,b031d057,e5ba7672,9d83e7f2,,,21756f76,,423fab69,2d794282,,
0,0.0,1,6.0,,1450.0,27.0,81.0,5.0,5.0,0.0,1.0,,,241546e0,26ece8a8,026b6d66,7b54507d,25c83c98,7e0ccccf,93ec533b,0b153874,a73ee510,3b08e48b,9ffb3655,93a9980a,a0874a81,07d13a8f,a45dafc6,5963fb4c,e5ba7672,87fd936e,,,47ce3308,c9d4222a,55dd3565,5a456be6,,
0,1.0,1,1.0,,563.0,9.0,1.0,10.0,9.0,1.0,1.0,,,68fd1e64,09e68b86,7dea0168,faf9014c,25c83c98,7e0ccccf,22f0e375,0b153874,a73ee510,b53e1cd7,ee6845d2,165ac29a,f90394cd,07d13a8f,36721ddc,4ceb9ba9,d4bb7bd8,5aed7436,f8459d1a,a458ea53,df80f45e,,32c7478e,3fdb382b,e8b83407,49d68486
0,0.0,167,,,198.0,242.0,6.0,1.0,9.0,0.0,1.0,,,5a9ed9b0,4c2bc594,d032c263,c18be181,25c83c98,fbad5c96,7227c706,5b392875,a73ee510,305a0646,9625b211,dfbb09fb,dccbd94b,8ceecbc8,7ac43a46,84898b2a,e5ba7672,bc48b783,,,0014c32a,,55dd3565,3b183c5c,,
0,0.0,4,3.0,2.0,2671.0,24.0,19.0,6.0,70.0,0.0,5.0,,2.0,05db9164,38a947a1,224c3320,5d5ca56d,4cf72387,7e0ccccf,9e71db6f,5b392875,a73ee510,ac25feb9,60730c2f,e1193f76,3b5e3853,07d13a8f,ea8d4f05,af157112,e5ba7672,c2ce2fbb,,,898614a0,,93bad2c0,0505abc3,,
0,0.0,35,,9.0,40556.0,,0.0,41.0,10.0,0.0,0.0,,9.0,68fd1e64,d833535f,b00d1501,d16679b9,25c83c98,fe6b92e5,01a0f3f6,0b153874,a73ee510,3b08e48b,f045731b,e0d76380,252ee845,b28479f6,a733d362,1203a270,e5ba7672,281769c2,,,73d06dde,,32c7478e,aee52b6f,,
0,0.0,0,2.0,7.0,4371.0,561.0,1.0,29.0,120.0,0.0,1.0,,7.0,05db9164,d833535f,ad4b77ff,d16679b9,25c83c98,7e0ccccf,e0386b63,0b153874,a73ee510,b8fa4771,371dae82,a2f4e8b5,18fc2b1e,07d13a8f,943169c2,89052618,d4bb7bd8,281769c2,,,d4703ebd,,c7dc6720,aee52b6f,,
0,,0,21.0,4.0,10121.0,,0.0,7.0,77.0,,0.0,,5.0,05db9164,71ca0a25,396df967,328b42c3,25c83c98,7e0ccccf,5c116cc3,0b153874,a73ee510,f62834dd,d02264a7,8481d649,14e6fd48,b28479f6,a67c19b7,b2f2a0c7,1e88c74f,9bf8ffef,21ddcdc9,5840adea,f0bb1194,,3a171ecb,a5ce2d0d,001f3601,984e0db0
1,2.0,1,3.0,1.0,144.0,10.0,24.0,38.0,71.0,2.0,5.0,,1.0,68fd1e64,207b2d81,5d076085,862b5ba0,384874ce,7e0ccccf,df5c2d18,1f89b562,a73ee510,35acd07e,a7b606c4,f24b551c,eae197fd,1adce6ef,dbbde166,b6d021e8,e5ba7672,25c88e42,21ddcdc9,a458ea53,0e8585d2,,3a171ecb,0d4a6d1a,001f3601,92c878de
0,0.0,7,5.0,,5866.0,155.0,2.0,3.0,33.0,0.0,2.0,,,68fd1e64,c44e8a72,82d0e88b,73b7d654,384874ce,7e0ccccf,97006d5e,5b392875,a73ee510,3b08e48b,82f3fe17,7742cd63,c1dacb89,b28479f6,1addf65e,0e5b6685,d4bb7bd8,456d734d,083e89d9,b1252a9d,5a1f6c27,,3a171ecb,5a4adb7d,724b04da,8b781ed5
0,0.0,11,6.0,1.0,4299.0,40.0,19.0,2.0,25.0,0.0,7.0,0.0,2.0,68fd1e64,80e26c9b,e0f3ab5f,c35b84a2,25c83c98,fe6b92e5,17c5d911,0b153874,a73ee510,3b08e48b,25f4f871,1460aab5,e67cdf97,07d13a8f,19da88a6,ad5061b7,8efede7f,12195b22,21ddcdc9,b1252a9d,024aef1e,,423fab69,1793a828,e8b83407,28f3d990
0,0.0,1,33.0,6.0,3706.0,28.0,2.0,7.0,28.0,0.0,1.0,,6.0,9a89b36c,1cfdf714,ef7b7b15,798823de,25c83c98,fbad5c96,eba9a360,51d76abe,a73ee510,e3629c5f,f52829dc,cf29244b,64f8e14f,d2dfe871,1e27c4c8,96c1be5d,07c540c4,6a74e011,34a10404,a458ea53,cacb3a8d,ad3062eb,3a171ecb,7939255b,cb079c2d,bc33111f
0,,70,7.0,2.0,6518.0,26.0,23.0,2.0,12.0,,2.0,,2.0,05db9164,80e26c9b,0925f7d4,65ee5fae,25c83c98,7e0ccccf,08e57a96,0b153874,a73ee510,5ba575e7,7c430b79,d43bc772,7f0d7407,07d13a8f,f3635baf,3a4e2f87,8efede7f,f54016b9,21ddcdc9,b1252a9d,87a78db1,8ec974f4,3a171ecb,7cadb3d7,e8b83407,705ee187
0,,29,,2.0,10154.0,,0.0,6.0,93.0,,0.0,,2.0,68fd1e64,0a519c5c,b00d1501,d16679b9,25c83c98,7e0ccccf,ce813de3,062b5529,a73ee510,3b08e48b,13754a9c,e0d76380,5d111255,b28479f6,b760dcb7,1203a270,776ce399,2efa89c6,,,73d06dde,,3a171ecb,aee52b6f,,
0,,7,32.0,23.0,31645.0,41.0,15.0,14.0,24.0,,0.0,,23.0,05db9164,80e26c9b,e346a5fd,85dd697c,25c83c98,fbad5c96,d03697f9,0b153874,a73ee510,8958d049,61593534,539c5644,9259d03d,b28479f6,a785131a,aafa191e,27c07bd6,005c6740,21ddcdc9,5840adea,7e5b7cc4,,3a171ecb,1793a828,e8b83407,b9809574
1,0.0,0,2.0,8.0,1632.0,56.0,16.0,37.0,56.0,0.0,4.0,0.0,8.0,68fd1e64,09e68b86,aa8c1539,85dd697c,25c83c98,fbad5c96,c23eb1cf,c8ddd494,a73ee510,e70742b0,319687c9,d8c29807,62036f49,b28479f6,2d49999f,c64d548f,e5ba7672,63cdbb21,cf99e5de,5840adea,5f957280,,32c7478e,1793a828,e8b83407,b7d9c3bc
0,,4,1.0,1.0,10.0,,0.0,1.0,1.0,,0.0,,1.0,68fd1e64,8cc9c66e,39798084,d4790ba4,25c83c98,,b647358a,0b153874,a73ee510,3b08e48b,88731e13,529f0fc0,2723b688,b28479f6,3bfd73d1,3df5541f,776ce399,a6f5dd38,21ddcdc9,a458ea53,3342e1a3,,32c7478e,c10c2e6c,2bf691b1,f3663490
1,,0,1.0,,,,,1.0,,,,,,05db9164,38a947a1,e3818eb2,a4456f7e,25c83c98,fbad5c96,88002ee1,5b392875,7cc72ec2,3b08e48b,f1b78ab4,3bec5d45,6e5da64f,1adce6ef,3e704e66,72d1790f,2005abd1,f03e8b05,,,950d91c1,,55dd3565,2f7e98de,,
0,2.0,0,22.0,2.0,797.0,34.0,6.0,27.0,132.0,1.0,2.0,,2.0,05db9164,09e68b86,0fa27f12,fc649927,25c83c98,fe6b92e5,85f287b3,37e4aa92,a73ee510,39cda501,7c53dc69,3aedb2ef,4fd35e8f,07d13a8f,36721ddc,96426867,e5ba7672,5aed7436,75916440,a458ea53,3d3c217e,c9d4222a,423fab69,b6175649,e8b83407,818b11e3
0,0.0,285,,2.0,3448.0,68.0,15.0,39.0,89.0,0.0,2.0,0.0,3.0,05db9164,9a82ab91,d032c263,c18be181,25c83c98,7e0ccccf,8fb5446a,1f89b562,a73ee510,80c4f97b,59cd5ae7,dfbb09fb,8b216f7b,1adce6ef,83d11398,84898b2a,e5ba7672,004fdf10,,,0014c32a,,423fab69,3b183c5c,,
0,26.0,2,5.0,7.0,2.0,8.0,106.0,4.0,41.0,2.0,8.0,1.0,7.0,05db9164,38a947a1,145f2f75,82a61820,25c83c98,fbad5c96,407438c8,0b153874,a73ee510,0a164266,755e4a50,7161e106,5978055e,1adce6ef,b9df93b4,bb6d240e,27c07bd6,e96a7df2,,,5fe17899,,bcdee96c,cafb4e4d,,
0,0.0,0,6.0,8.0,20285.0,924.0,2.0,9.0,320.0,0.0,1.0,,8.0,05db9164,68b3edbf,b00d1501,d16679b9,4cf72387,7e0ccccf,95bb412b,0b153874,a73ee510,42a7764a,ec2b795a,e0d76380,a5975b1d,1adce6ef,9ebbad56,1203a270,e5ba7672,cf1cde40,,,73d06dde,,dbb486d7,aee52b6f,,
1,,-1,2.0,,41188.0,,0.0,0.0,103.0,,0.0,,,05db9164,80e26c9b,aa8c1539,85dd697c,4cf72387,13718bbd,48618fe6,0b153874,a73ee510,563a487b,bca79aeb,d8c29807,5218d824,b28479f6,a785131a,c64d548f,e5ba7672,005c6740,21ddcdc9,b1252a9d,5f957280,,32c7478e,1793a828,e8b83407,9904c656
0,0.0,4,8.0,5.0,8864.0,114.0,17.0,12.0,257.0,0.0,3.0,2.0,11.0,68fd1e64,38a947a1,be6f5b1a,dd248fab,25c83c98,fe6b92e5,468a0854,0b153874,a73ee510,3b08e48b,80fba0d2,023ca44a,605bbc24,07d13a8f,2a526281,b415c17c,8efede7f,b49c9b63,,,84264c5f,,dbb486d7,4921c033,,
0,0.0,65,29.0,1.0,7777.0,566.0,1.0,1.0,22.0,0.0,1.0,,1.0,05db9164,09e68b86,aa8c1539,85dd697c,25c83c98,13718bbd,24db17b4,0b153874,a73ee510,eaaee8c6,d6ea7935,d8c29807,74838342,8ceecbc8,d2f03b75,c64d548f,d4bb7bd8,63cdbb21,cf99e5de,5840adea,5f957280,,3a171ecb,1793a828,e8b83407,b7d9c3bc
0,,36,,,34503.0,160.0,0.0,6.0,51.0,,0.0,,,68fd1e64,537e899b,5037b88e,9dde01fd,4cf72387,fbad5c96,ce4f7f55,1f89b562,a73ee510,099b68bd,38f692a7,680d7261,6e5da64f,07d13a8f,6d68e99c,c0673b44,d4bb7bd8,b34aa802,,,e049c839,,32c7478e,6095f986,,
0,0.0,225,5.0,,1444.0,32.0,7.0,3.0,12.0,0.0,4.0,,,5a9ed9b0,e5fb1af3,c4842f90,9d9bab91,4cf72387,13718bbd,0284608a,0b153874,a73ee510,3b08e48b,65819b7a,85e9a205,2e21cea2,8ceecbc8,0f04b39f,f3f45edc,e5ba7672,13145934,49175026,a458ea53,cc60c31c,,3a171ecb,3fdb382b,e8b83407,49d68486
0,0.0,11,1.0,1.0,7456.0,345.0,9.0,14.0,362.0,0.0,3.0,0.0,3.0,68fd1e64,4c2bc594,d032c263,c18be181,25c83c98,fbad5c96,08e57a96,5b392875,a73ee510,fbbf2c95,ae19a197,dfbb09fb,7f0d7407,8ceecbc8,7ac43a46,84898b2a,27c07bd6,bc48b783,,,0014c32a,,3a171ecb,3b183c5c,,
0,,-1,,,,,0.0,4.0,39.0,,0.0,,,68fd1e64,38a947a1,4470baf4,8c8a4c47,25c83c98,fbad5c96,d9aa9d97,1f89b562,7cc72ec2,3b08e48b,6e647667,bb669e25,85dbe138,b28479f6,d493d6b4,2b2ce127,2005abd1,b133fcd4,,,2b796e4a,ad3062eb,32c7478e,8d365d3b,,
0,0.0,0,20.0,20.0,1441.0,30.0,7.0,31.0,30.0,0.0,1.0,,22.0,68fd1e64,f0cf0024,6f67f7e5,41274cd7,25c83c98,7e0ccccf,68e35846,5b392875,a73ee510,1ba89ed7,bfd3f296,623049e6,a5cf8381,b28479f6,e6c5b5cd,c92f3b61,e5ba7672,b04e4670,21ddcdc9,5840adea,60f6221e,c9d4222a,bcdee96c,43f13e8b,ea9a246c,731c3655
0,0.0,4,,,9092.0,536.0,1.0,42.0,146.0,0.0,1.0,,,39af2607,e18b1e61,,,43b19349,7e0ccccf,9e5b069d,0b153874,a73ee510,550727c0,6153cf57,,769a1844,b28479f6,972b922a,,d4bb7bd8,832bedbd,,,,,be7c41b4,,,
0,,1,3.0,,16044.0,,,0.0,,,,,,5a9ed9b0,80e26c9b,aa8c1539,85dd697c,25c83c98,13718bbd,50b436c9,0b153874,a73ee510,13af20e5,a0a5e9d7,d8c29807,ee79db7b,b28479f6,a785131a,c64d548f,e5ba7672,005c6740,21ddcdc9,b1252a9d,5f957280,,32c7478e,1793a828,e8b83407,9904c656
1,30.0,1,114.0,15.0,246.0,22.0,42.0,34.0,76.0,1.0,5.0,,22.0,68fd1e64,e5fb1af3,cfc57a43,6a724007,25c83c98,7e0ccccf,af84702c,0b153874,a73ee510,5162b19c,7c430b79,0b61d433,7f0d7407,b28479f6,23287566,658aa6b7,e5ba7672,13145934,3b422a71,a458ea53,f2ee45cb,c9d4222a,3a171ecb,9fb5a9a2,e8b83407,bb4e2505
0,2.0,-1,42.0,14.0,302.0,38.0,25.0,38.0,90.0,1.0,3.0,,38.0,05db9164,09e68b86,983fc1f4,49045e9d,25c83c98,7e0ccccf,50b436c9,0b153874,a73ee510,0a3a2cb6,a0a5e9d7,fbe49065,ee79db7b,07d13a8f,36721ddc,fc60350c,e5ba7672,5aed7436,21ddcdc9,b1252a9d,c3abeb21,,423fab69,1793a828,e8b83407,5cef228f
1,0.0,2,1.0,2.0,1441.0,26.0,4.0,20.0,32.0,0.0,2.0,,2.0,05db9164,38d50e09,c86b2d8d,657dc3b9,384874ce,7e0ccccf,7dab17c2,0b153874,a73ee510,f6f942d1,636405ac,1ca7a526,31b42deb,07d13a8f,e2275836,ba46c3a1,e5ba7672,fffe2a63,21ddcdc9,b1252a9d,eb0fc6f8,c9d4222a,3a171ecb,df487a73,001f3601,c27f155b
0,,62,18.0,6.0,90.0,,0.0,6.0,6.0,,0.0,,6.0,05db9164,80e26c9b,4d88f82c,169ffff5,43b19349,,197b4575,0b153874,a73ee510,6c47047a,48876b80,bcce6b6c,e40e52ae,07d13a8f,02319a52,f294bed7,d4bb7bd8,1f9656b8,21ddcdc9,b1252a9d,602ce342,,3a171ecb,1793a828,e8b83407,70b6702c
0,,-1,,,7954.0,,0.0,3.0,16.0,,0.0,,,05db9164,68aede49,4c78bddc,792bc2c0,25c83c98,fbad5c96,841f6a9d,0b153874,a73ee510,3b08e48b,d66168dc,10bf7196,54c30969,07d13a8f,8dbc001a,02df538f,776ce399,262c8681,,,eabe9cb9,,32c7478e,1370c56e,,
0,6.0,2,17.0,13.0,18.0,12.0,6.0,13.0,13.0,1.0,1.0,0.0,12.0,8cf07265,c5c1d6ae,c7a36fba,94fb8c54,25c83c98,13718bbd,3b93bd7b,0b153874,a73ee510,36bde1a1,cd797342,efd6cd83,f8b2e505,1adce6ef,151f2153,ccf7994a,e5ba7672,836a67dd,21ddcdc9,5840adea,ba1b0dbb,,423fab69,916f4113,7a402766,6527ade9
1,3.0,-1,,,666.0,4.0,14.0,0.0,301.0,1.0,6.0,3.0,,05db9164,80e26c9b,5c7d8ff6,902872c9,384874ce,7e0ccccf,92ce5a7d,0b153874,a73ee510,d1a1d478,e0c3cae0,79b87c55,e8df3343,b28479f6,4c1df281,5627d7e0,8efede7f,f54016b9,21ddcdc9,b1252a9d,4063500f,,3a171ecb,54baf4d1,e8b83407,98f9ccac